user_id,cookie_id,start_date
1,c4ca42,"Tue, 04 Feb 2020 00:00:00 GMT"
2,c81e72,"Sat, 18 Jan 2020 00:00:00 GMT"
3,eccbc8,"Fri, 21 Feb 2020 00:00:00 GMT"
4,a87ff6,"Sat, 22 Feb 2020 00:00:00 GMT"
5,e4da3b,"Sat, 01 Feb 2020 00:00:00 GMT"
6,167909,"Sat, 25 Jan 2020 00:00:00 GMT"
7,8f14e4,"Sun, 09 Feb 2020 00:00:00 GMT"
8,c9f0f8,"Wed, 12 Feb 2020 00:00:00 GMT"
9,45c48c,"Fri, 07 Feb 2020 00:00:00 GMT"
10,d3d944,"Thu, 23 Jan 2020 00:00:00 GMT"
11,6512bd,"Fri, 17 Jan 2020 00:00:00 GMT"
12,c20ad4,"Thu, 06 Feb 2020 00:00:00 GMT"
13,c51ce4,"Wed, 12 Feb 2020 00:00:00 GMT"
14,aab323,"Sun, 12 Jan 2020 00:00:00 GMT"
15,9bf31c,"Tue, 28 Jan 2020 00:00:00 GMT"
16,c74d97,"Mon, 06 Jan 2020 00:00:00 GMT"
17,70efdf,"Mon, 17 Feb 2020 00:00:00 GMT"
18,6f4922,"Sat, 29 Feb 2020 00:00:00 GMT"
19,1f0e3d,"Tue, 11 Feb 2020 00:00:00 GMT"
20,98f137,"Wed, 12 Feb 2020 00:00:00 GMT"
21,3c59dc,"Fri, 14 Feb 2020 00:00:00 GMT"
22,b6d767,"Sat, 08 Feb 2020 00:00:00 GMT"
23,37693c,"Thu, 16 Jan 2020 00:00:00 GMT"
24,1ff1de,"Thu, 23 Jan 2020 00:00:00 GMT"
25,8e296a,"Wed, 08 Jan 2020 00:00:00 GMT"
26,4e732c,"Sun, 26 Jan 2020 00:00:00 GMT"
27,02e74f,"Fri, 31 Jan 2020 00:00:00 GMT"
28,33e75f,"Sat, 29 Feb 2020 00:00:00 GMT"
29,6ea9ab,"Fri, 10 Jan 2020 00:00:00 GMT"
30,34173c,"Sun, 02 Feb 2020 00:00:00 GMT"
31,c16a53,"Thu, 13 Feb 2020 00:00:00 GMT"
32,6364d3,"Mon, 17 Feb 2020 00:00:00 GMT"
33,182be0,"Mon, 03 Feb 2020 00:00:00 GMT"
34,e36985,"Mon, 24 Feb 2020 00:00:00 GMT"
35,1c383c,"Wed, 22 Jan 2020 00:00:00 GMT"
36,19ca14,"Fri, 14 Feb 2020 00:00:00 GMT"
37,a5bfc9,"Mon, 03 Feb 2020 00:00:00 GMT"
38,a5771b,"Tue, 28 Jan 2020 00:00:00 GMT"
39,d67d8a,"Mon, 13 Jan 2020 00:00:00 GMT"
40,d64592,"Fri, 07 Feb 2020 00:00:00 GMT"
41,3416a7,"Thu, 09 Jan 2020 00:00:00 GMT"
42,a1d0c6,"Sat, 29 Feb 2020 00:00:00 GMT"
43,17e621,"Sat, 22 Feb 2020 00:00:00 GMT"
44,f71771,"Wed, 08 Jan 2020 00:00:00 GMT"
45,6c8349,"Sun, 09 Feb 2020 00:00:00 GMT"
46,d9d4f4,"Sat, 25 Jan 2020 00:00:00 GMT"
47,67c6a1,"Thu, 20 Feb 2020 00:00:00 GMT"
48,6.42E+94,"Fri, 21 Feb 2020 00:00:00 GMT"
49,f457c5,"Tue, 07 Jan 2020 00:00:00 GMT"
50,c0c7c7,"Thu, 13 Feb 2020 00:00:00 GMT"
51,283802,"Sat, 04 Jan 2020 00:00:00 GMT"
52,9a1158,"Wed, 19 Feb 2020 00:00:00 GMT"
53,d82c8d,"Thu, 06 Feb 2020 00:00:00 GMT"
54,a684ec,"Thu, 30 Jan 2020 00:00:00 GMT"
55,b53b3a,"Sun, 26 Jan 2020 00:00:00 GMT"
56,9f6140,"Mon, 24 Feb 2020 00:00:00 GMT"
57,72b32a,"Mon, 06 Jan 2020 00:00:00 GMT"
58,66f041,"Sun, 26 Jan 2020 00:00:00 GMT"
59,093f65,"Fri, 31 Jan 2020 00:00:00 GMT"
60,072b03,"Sun, 19 Jan 2020 00:00:00 GMT"
61,7f39f8,"Thu, 06 Feb 2020 00:00:00 GMT"
62,44f683,"Tue, 04 Feb 2020 00:00:00 GMT"
63,03afdb,"Fri, 21 Feb 2020 00:00:00 GMT"
64,ea5d2f,"Wed, 29 Jan 2020 00:00:00 GMT"
65,fc490c,"Wed, 15 Jan 2020 00:00:00 GMT"
66,3295c7,"Mon, 13 Jan 2020 00:00:00 GMT"
67,735b90,"Sun, 16 Feb 2020 00:00:00 GMT"
68,a3f390,"Tue, 07 Jan 2020 00:00:00 GMT"
69,14bfa6,"Thu, 02 Jan 2020 00:00:00 GMT"
70,7cbbc4,"Sat, 04 Jan 2020 00:00:00 GMT"
71,e2c420,"Mon, 03 Feb 2020 00:00:00 GMT"
72,32bb90,"Mon, 13 Jan 2020 00:00:00 GMT"
73,d2ddea,"Thu, 13 Feb 2020 00:00:00 GMT"
74,ad61ab,"Tue, 11 Feb 2020 00:00:00 GMT"
75,d09bf4,"Sun, 19 Jan 2020 00:00:00 GMT"
76,fbd793,"Wed, 26 Feb 2020 00:00:00 GMT"
77,28dd2c,"Tue, 14 Jan 2020 00:00:00 GMT"
78,35f4a8,"Wed, 15 Jan 2020 00:00:00 GMT"
79,d1fe17,"Tue, 11 Feb 2020 00:00:00 GMT"
80,f033ab,"Wed, 22 Jan 2020 00:00:00 GMT"
81,43ec51,"Wed, 26 Feb 2020 00:00:00 GMT"
82,9778d5,"Sun, 12 Jan 2020 00:00:00 GMT"
83,fe9fc2,"Fri, 28 Feb 2020 00:00:00 GMT"
84,68d30a,"Sun, 23 Feb 2020 00:00:00 GMT"
85,3ef815,"Fri, 14 Feb 2020 00:00:00 GMT"
86,93db85,"Mon, 13 Jan 2020 00:00:00 GMT"
87,c7e124,"Wed, 15 Jan 2020 00:00:00 GMT"
88,2a38a4,"Sun, 19 Jan 2020 00:00:00 GMT"
89,764796,"Tue, 07 Jan 2020 00:00:00 GMT"
90,861398,"Mon, 17 Feb 2020 00:00:00 GMT"
91,54229a,"Thu, 09 Jan 2020 00:00:00 GMT"
92,92cc22,"Wed, 12 Feb 2020 00:00:00 GMT"
93,98dce8,"Wed, 15 Jan 2020 00:00:00 GMT"
94,f4b9ec,"Wed, 19 Feb 2020 00:00:00 GMT"
95,812b4b,"Sat, 08 Feb 2020 00:00:00 GMT"
96,26657d,"Sat, 18 Jan 2020 00:00:00 GMT"
97,e2ef52,"Mon, 20 Jan 2020 00:00:00 GMT"
98,ed3d2c,"Sat, 11 Jan 2020 00:00:00 GMT"
99,ac627a,"Sat, 22 Feb 2020 00:00:00 GMT"
100,f89913,"Sun, 19 Jan 2020 00:00:00 GMT"
101,38b3ef,"Fri, 28 Feb 2020 00:00:00 GMT"
102,ec8956,"Thu, 23 Jan 2020 00:00:00 GMT"
103,6974ce,"Sun, 12 Jan 2020 00:00:00 GMT"
104,c9e107,"Tue, 18 Feb 2020 00:00:00 GMT"
105,65b9ee,"Fri, 21 Feb 2020 00:00:00 GMT"
106,f0935e,"Sun, 23 Feb 2020 00:00:00 GMT"
107,a97da6,"Sun, 19 Jan 2020 00:00:00 GMT"
108,a3c65c,"Sun, 02 Feb 2020 00:00:00 GMT"
109,2723d0,"Thu, 02 Jan 2020 00:00:00 GMT"
110,5f93f9,"Sat, 22 Feb 2020 00:00:00 GMT"
111,698d51,"Sun, 09 Feb 2020 00:00:00 GMT"
112,7f6ffa,"Tue, 28 Jan 2020 00:00:00 GMT"
113,73278a,"Mon, 17 Feb 2020 00:00:00 GMT"
114,5fd0b3,"Wed, 29 Jan 2020 00:00:00 GMT"
115,2b4492,"Mon, 13 Jan 2020 00:00:00 GMT"
116,c45147,"Sat, 08 Feb 2020 00:00:00 GMT"
117,eb160d,"Fri, 03 Jan 2020 00:00:00 GMT"
118,5ef059,"Sat, 18 Jan 2020 00:00:00 GMT"
119,07e1cd,"Sat, 08 Feb 2020 00:00:00 GMT"
120,da4fb5,"Thu, 13 Feb 2020 00:00:00 GMT"
121,4c56ff,"Tue, 07 Jan 2020 00:00:00 GMT"
122,a0a080,"Tue, 07 Jan 2020 00:00:00 GMT"
123,202cb9,"Fri, 14 Feb 2020 00:00:00 GMT"
124,c8ffe9,"Wed, 01 Jan 2020 00:00:00 GMT"
125,3def18,"Sat, 01 Feb 2020 00:00:00 GMT"
126,69059,"Mon, 13 Jan 2020 00:00:00 GMT"
127,ec5dec,"Sat, 04 Jan 2020 00:00:00 GMT"
128,76dc61,"Fri, 14 Feb 2020 00:00:00 GMT"
129,d1f491,"Fri, 24 Jan 2020 00:00:00 GMT"
130,9b8619,"Wed, 19 Feb 2020 00:00:00 GMT"
131,1afa34,"Sat, 01 Feb 2020 00:00:00 GMT"
132,65ded5,"Mon, 27 Jan 2020 00:00:00 GMT"
133,9fc3d7,"Fri, 03 Jan 2020 00:00:00 GMT"
134,02522a,"Wed, 26 Feb 2020 00:00:00 GMT"
135,7f1de2,"Mon, 10 Feb 2020 00:00:00 GMT"
136,42a0e1,"Tue, 14 Jan 2020 00:00:00 GMT"
137,3988c7,"Thu, 06 Feb 2020 00:00:00 GMT"
138,013d40,"Fri, 03 Jan 2020 00:00:00 GMT"
139,e00da0,"Thu, 13 Feb 2020 00:00:00 GMT"
140,138597,"Tue, 28 Jan 2020 00:00:00 GMT"
141,0f28b5,"Tue, 25 Feb 2020 00:00:00 GMT"
142,a8baa5,"Tue, 11 Feb 2020 00:00:00 GMT"
143,903ce9,"Fri, 17 Jan 2020 00:00:00 GMT"
144,0a09c8,"Sat, 01 Feb 2020 00:00:00 GMT"
145,2b24d4,"Wed, 22 Jan 2020 00:00:00 GMT"
146,a5e001,"Wed, 01 Jan 2020 00:00:00 GMT"
147,8d5e95,"Wed, 05 Feb 2020 00:00:00 GMT"
148,47d1e9,"Mon, 03 Feb 2020 00:00:00 GMT"
149,f22170,"Sun, 19 Jan 2020 00:00:00 GMT"
150,7ef605,"Wed, 12 Feb 2020 00:00:00 GMT"
151,a8f15e,"Mon, 03 Feb 2020 00:00:00 GMT"
152,37a749,"Thu, 27 Feb 2020 00:00:00 GMT"
153,b3e3e3,"Tue, 18 Feb 2020 00:00:00 GMT"
154,1d7f7a,"Thu, 30 Jan 2020 00:00:00 GMT"
155,2a79ea,"Sun, 05 Jan 2020 00:00:00 GMT"
156,1c9ac0,"Fri, 24 Jan 2020 00:00:00 GMT"
157,6c4b76,"Tue, 28 Jan 2020 00:00:00 GMT"
158,64096,"Wed, 29 Jan 2020 00:00:00 GMT"
159,140f69,"Thu, 02 Jan 2020 00:00:00 GMT"
160,b73ce3,"Fri, 31 Jan 2020 00:00:00 GMT"
161,bd4c9a,"Sat, 08 Feb 2020 00:00:00 GMT"
162,82aa4b,"Sun, 02 Feb 2020 00:00:00 GMT"
163,0777d5,"Tue, 14 Jan 2020 00:00:00 GMT"
164,fa7cdf,"Fri, 21 Feb 2020 00:00:00 GMT"
165,976652,"Tue, 04 Feb 2020 00:00:00 GMT"
166,7e7757,"Sun, 23 Feb 2020 00:00:00 GMT"
167,5878a7,"Fri, 10 Jan 2020 00:00:00 GMT"
168,006f52,"Fri, 03 Jan 2020 00:00:00 GMT"
169,363663,"Thu, 16 Jan 2020 00:00:00 GMT"
170,1.49E+98,"Wed, 26 Feb 2020 00:00:00 GMT"
171,a4a042,"Fri, 10 Jan 2020 00:00:00 GMT"
172,1ff8a7,"Tue, 04 Feb 2020 00:00:00 GMT"
173,f7e6c8,"Thu, 02 Jan 2020 00:00:00 GMT"
174,bf8229,"Wed, 05 Feb 2020 00:00:00 GMT"
175,821612,"Thu, 20 Feb 2020 00:00:00 GMT"
176,38af86,"Mon, 06 Jan 2020 00:00:00 GMT"
177,96da2f,"Thu, 20 Feb 2020 00:00:00 GMT"
178,8f8551,"Sun, 16 Feb 2020 00:00:00 GMT"
179,8f5329,"Sat, 15 Feb 2020 00:00:00 GMT"
180,45117,"Fri, 24 Jan 2020 00:00:00 GMT"
181,fc2213,"Mon, 06 Jan 2020 00:00:00 GMT"
182,4c5bde,"Wed, 22 Jan 2020 00:00:00 GMT"
183,cedebb,"Thu, 20 Feb 2020 00:00:00 GMT"
184,6cdd60,"Fri, 31 Jan 2020 00:00:00 GMT"
185,eecca5,"Fri, 24 Jan 2020 00:00:00 GMT"
186,9872ed,"Thu, 20 Feb 2020 00:00:00 GMT"
187,31fefc,"Sun, 05 Jan 2020 00:00:00 GMT"
188,9dcb88,"Sun, 23 Feb 2020 00:00:00 GMT"
189,a2557a,"Tue, 11 Feb 2020 00:00:00 GMT"
190,cfecdb,"Sat, 04 Jan 2020 00:00:00 GMT"
191,0aa188,"Fri, 21 Feb 2020 00:00:00 GMT"
192,58a2fc,"Wed, 12 Feb 2020 00:00:00 GMT"
193,bd686f,"Wed, 19 Feb 2020 00:00:00 GMT"
194,a597e5,"Sat, 15 Feb 2020 00:00:00 GMT"
195,0336dc,"Thu, 02 Jan 2020 00:00:00 GMT"
196,084b6f,"Sun, 09 Feb 2020 00:00:00 GMT"
197,85d8ce,"Fri, 24 Jan 2020 00:00:00 GMT"
198,0e6597,"Fri, 03 Jan 2020 00:00:00 GMT"
199,84d9ee,"Mon, 17 Feb 2020 00:00:00 GMT"
200,3644a6,"Thu, 02 Jan 2020 00:00:00 GMT"
201,757b50,"Fri, 24 Jan 2020 00:00:00 GMT"
202,854d6f,"Mon, 10 Feb 2020 00:00:00 GMT"
203,e2c0be,"Fri, 28 Feb 2020 00:00:00 GMT"
204,274ad4,"Sun, 12 Jan 2020 00:00:00 GMT"
205,eae27d,"Thu, 02 Jan 2020 00:00:00 GMT"
206,7eabe3,"Sat, 04 Jan 2020 00:00:00 GMT"
207,69adc1,"Tue, 28 Jan 2020 00:00:00 GMT"
208,091d58,"Thu, 30 Jan 2020 00:00:00 GMT"
209,b1d10e,"Sun, 23 Feb 2020 00:00:00 GMT"
210,6f3ef7,"Sun, 23 Feb 2020 00:00:00 GMT"
211,eb1637,"Wed, 22 Jan 2020 00:00:00 GMT"
212,1534b7,"Wed, 08 Jan 2020 00:00:00 GMT"
213,979d47,"Sat, 18 Jan 2020 00:00:00 GMT"
214,ca46c1,"Sun, 26 Jan 2020 00:00:00 GMT"
215,3b8a61,"Sat, 18 Jan 2020 00:00:00 GMT"
216,45fbc6,"Fri, 28 Feb 2020 00:00:00 GMT"
217,63dc7e,"Fri, 10 Jan 2020 00:00:00 GMT"
218,e96ed4,"Tue, 14 Jan 2020 00:00:00 GMT"
219,c0e190,"Sat, 18 Jan 2020 00:00:00 GMT"
220,ec8ce6,"Sun, 26 Jan 2020 00:00:00 GMT"
221,060ad9,"Fri, 07 Feb 2020 00:00:00 GMT"
222,bcbe33,"Tue, 18 Feb 2020 00:00:00 GMT"
223,115f89,"Wed, 26 Feb 2020 00:00:00 GMT"
224,13fe9d,"Sat, 18 Jan 2020 00:00:00 GMT"
225,d1c38a,"Mon, 20 Jan 2020 00:00:00 GMT"
226,9cfdf1,"Mon, 06 Jan 2020 00:00:00 GMT"
227,705f21,"Mon, 13 Jan 2020 00:00:00 GMT"
228,74db12,"Tue, 28 Jan 2020 00:00:00 GMT"
229,57aeee,"Thu, 23 Jan 2020 00:00:00 GMT"
230,6da900,"Wed, 22 Jan 2020 00:00:00 GMT"
231,9b04d1,"Sun, 02 Feb 2020 00:00:00 GMT"
232,be83ab,"Fri, 17 Jan 2020 00:00:00 GMT"
233,e16542,"Mon, 06 Jan 2020 00:00:00 GMT"
234,289dff,"Mon, 24 Feb 2020 00:00:00 GMT"
235,577ef1,"Mon, 20 Jan 2020 00:00:00 GMT"
236,01161a,"Fri, 21 Feb 2020 00:00:00 GMT"
237,539fd5,"Thu, 27 Feb 2020 00:00:00 GMT"
238,ac1dd2,"Wed, 08 Jan 2020 00:00:00 GMT"
239,555d67,"Thu, 30 Jan 2020 00:00:00 GMT"
240,335f53,"Mon, 03 Feb 2020 00:00:00 GMT"
241,f340f1,"Fri, 14 Feb 2020 00:00:00 GMT"
242,e4a622,"Fri, 03 Jan 2020 00:00:00 GMT"
243,cb70ab,"Tue, 21 Jan 2020 00:00:00 GMT"
244,918890,"Wed, 22 Jan 2020 00:00:00 GMT"
245,2.66E+05,"Thu, 02 Jan 2020 00:00:00 GMT"
246,38db3a,"Sun, 09 Feb 2020 00:00:00 GMT"
247,3cec07,"Sun, 19 Jan 2020 00:00:00 GMT"
248,621bf6,"Tue, 04 Feb 2020 00:00:00 GMT"
249,7.70E+30,"Tue, 28 Jan 2020 00:00:00 GMT"
250,6c9882,"Fri, 07 Feb 2020 00:00:00 GMT"
251,19f3cd,"Tue, 04 Feb 2020 00:00:00 GMT"
252,03c6b0,"Mon, 13 Jan 2020 00:00:00 GMT"
253,c24cd7,"Tue, 11 Feb 2020 00:00:00 GMT"
254,c52f1b,"Mon, 24 Feb 2020 00:00:00 GMT"
255,fe131d,"Sun, 05 Jan 2020 00:00:00 GMT"
256,f71849,"Wed, 26 Feb 2020 00:00:00 GMT"
257,d96409,"Sat, 01 Feb 2020 00:00:00 GMT"
258,502e4a,"Fri, 14 Feb 2020 00:00:00 GMT"
259,cfa086,"Mon, 27 Jan 2020 00:00:00 GMT"
260,a4f236,"Wed, 08 Jan 2020 00:00:00 GMT"
261,b1a59b,"Thu, 13 Feb 2020 00:00:00 GMT"
262,36660e,"Fri, 31 Jan 2020 00:00:00 GMT"
263,8c19f5,"Sun, 23 Feb 2020 00:00:00 GMT"
264,d6baf6,"Wed, 05 Feb 2020 00:00:00 GMT"
265,e56954,"Mon, 10 Feb 2020 00:00:00 GMT"
266,f76640,"Thu, 20 Feb 2020 00:00:00 GMT"
267,eda80a,"Sat, 08 Feb 2020 00:00:00 GMT"
268,8f121c,"Sun, 23 Feb 2020 00:00:00 GMT"
269,06138b,"Mon, 27 Jan 2020 00:00:00 GMT"
270,390597,"Tue, 25 Feb 2020 00:00:00 GMT"
271,7f100b,"Thu, 02 Jan 2020 00:00:00 GMT"
272,7a614f,"Fri, 24 Jan 2020 00:00:00 GMT"
273,4734ba,"Wed, 08 Jan 2020 00:00:00 GMT"
274,d947bf,"Tue, 21 Jan 2020 00:00:00 GMT"
275,63923f,"Thu, 02 Jan 2020 00:00:00 GMT"
276,db8e1a,"Wed, 26 Feb 2020 00:00:00 GMT"
277,20f075,"Sat, 18 Jan 2020 00:00:00 GMT"
278,07cdfd,"Fri, 07 Feb 2020 00:00:00 GMT"
279,d39577,"Thu, 20 Feb 2020 00:00:00 GMT"
280,92c8c9,"Thu, 27 Feb 2020 00:00:00 GMT"
281,e3796a,"Thu, 23 Jan 2020 00:00:00 GMT"
282,6a9aed,"Thu, 13 Feb 2020 00:00:00 GMT"
283,0f49c8,"Tue, 04 Feb 2020 00:00:00 GMT"
284,46ba9f,"Tue, 25 Feb 2020 00:00:00 GMT"
285,0.00E+00,"Tue, 11 Feb 2020 00:00:00 GMT"
286,16a5cd,"Tue, 11 Feb 2020 00:00:00 GMT"
287,918317,"Mon, 20 Jan 2020 00:00:00 GMT"
288,48aedb,"Sat, 11 Jan 2020 00:00:00 GMT"
289,839ab4,"Sat, 18 Jan 2020 00:00:00 GMT"
290,f90f2a,"Sun, 19 Jan 2020 00:00:00 GMT"
291,9c838d,"Sat, 08 Feb 2020 00:00:00 GMT"
292,170000,"Tue, 25 Feb 2020 00:00:00 GMT"
293,53c3bc,"Thu, 09 Jan 2020 00:00:00 GMT"
294,688396,"Tue, 04 Feb 2020 00:00:00 GMT"
295,49182f,"Fri, 28 Feb 2020 00:00:00 GMT"
296,d296c1,"Fri, 31 Jan 2020 00:00:00 GMT"
297,9fd818,"Sat, 01 Feb 2020 00:00:00 GMT"
298,26e359,"Mon, 27 Jan 2020 00:00:00 GMT"
299,ef0d39,"Wed, 08 Jan 2020 00:00:00 GMT"
300,94f6d7,"Sat, 22 Feb 2020 00:00:00 GMT"
301,34ed06,"Fri, 03 Jan 2020 00:00:00 GMT"
302,577bcc,"Tue, 21 Jan 2020 00:00:00 GMT"
303,11b984,"Sat, 04 Jan 2020 00:00:00 GMT"
304,37bc2f,"Sun, 19 Jan 2020 00:00:00 GMT"
305,4.96E+07,"Thu, 16 Jan 2020 00:00:00 GMT"
306,b2eb73,"Tue, 25 Feb 2020 00:00:00 GMT"
307,8e98d8,"Sat, 29 Feb 2020 00:00:00 GMT"
308,a8c88a,"Mon, 13 Jan 2020 00:00:00 GMT"
309,eddea8,"Wed, 19 Feb 2020 00:00:00 GMT"
310,06eb61,"Mon, 17 Feb 2020 00:00:00 GMT"
311,9dfcd5,"Thu, 20 Feb 2020 00:00:00 GMT"
312,950a41,"Fri, 10 Jan 2020 00:00:00 GMT"
313,158f30,"Sat, 15 Feb 2020 00:00:00 GMT"
314,758874,"Tue, 14 Jan 2020 00:00:00 GMT"
315,ad13a2,"Wed, 15 Jan 2020 00:00:00 GMT"
316,3fe94a,"Fri, 10 Jan 2020 00:00:00 GMT"
317,5b8add,"Sat, 25 Jan 2020 00:00:00 GMT"
318,432aca,"Wed, 12 Feb 2020 00:00:00 GMT"
319,8d3bba,"Wed, 29 Jan 2020 00:00:00 GMT"
320,320722,"Sun, 23 Feb 2020 00:00:00 GMT"
321,caf1a3,"Mon, 10 Feb 2020 00:00:00 GMT"
322,5737c6,"Thu, 27 Feb 2020 00:00:00 GMT"
323,bc6dc4,"Wed, 15 Jan 2020 00:00:00 GMT"
324,f2fc99,"Sun, 02 Feb 2020 00:00:00 GMT"
325,89f0fd,"Wed, 29 Jan 2020 00:00:00 GMT"
326,a66658,"Thu, 02 Jan 2020 00:00:00 GMT"
327,b83aac,"Fri, 07 Feb 2020 00:00:00 GMT"
328,cd0069,"Sat, 08 Feb 2020 00:00:00 GMT"
329,6faa80,"Sat, 01 Feb 2020 00:00:00 GMT"
330,fe73f6,"Tue, 28 Jan 2020 00:00:00 GMT"
331,6da37d,"Sat, 08 Feb 2020 00:00:00 GMT"
332,c042f4,"Tue, 04 Feb 2020 00:00:00 GMT"
333,310dcb,"Wed, 22 Jan 2020 00:00:00 GMT"
334,2f2b26,"Thu, 09 Jan 2020 00:00:00 GMT"
335,f9b902,"Thu, 30 Jan 2020 00:00:00 GMT"
336,685545,"Wed, 12 Feb 2020 00:00:00 GMT"
337,357a6f,"Tue, 04 Feb 2020 00:00:00 GMT"
338,819f46,"Fri, 03 Jan 2020 00:00:00 GMT"
339,40259,"Tue, 18 Feb 2020 00:00:00 GMT"
340,40008b,"Sat, 25 Jan 2020 00:00:00 GMT"
341,3dd48a,"Thu, 13 Feb 2020 00:00:00 GMT"
342,58238e,"Mon, 10 Feb 2020 00:00:00 GMT"
343,3ad7c2,"Sat, 29 Feb 2020 00:00:00 GMT"
344,b3967a,"Fri, 21 Feb 2020 00:00:00 GMT"
345,d81f9c,"Wed, 08 Jan 2020 00:00:00 GMT"
346,13f989,"Wed, 08 Jan 2020 00:00:00 GMT"
347,c5ff25,"Wed, 22 Jan 2020 00:00:00 GMT"
348,01386b,"Wed, 05 Feb 2020 00:00:00 GMT"
349,0bb4ae,"Sat, 11 Jan 2020 00:00:00 GMT"
350,9de6d1,"Thu, 06 Feb 2020 00:00:00 GMT"
351,efe937,"Tue, 18 Feb 2020 00:00:00 GMT"
352,371bce,"Sat, 04 Jan 2020 00:00:00 GMT"
353,138bb0,"Mon, 17 Feb 2020 00:00:00 GMT"
354,8dd48d,"Fri, 28 Feb 2020 00:00:00 GMT"
355,82cec9,"Thu, 23 Jan 2020 00:00:00 GMT"
356,6c524f,"Tue, 28 Jan 2020 00:00:00 GMT"
357,fb7b9f,"Thu, 30 Jan 2020 00:00:00 GMT"
358,aa942a,"Mon, 17 Feb 2020 00:00:00 GMT"
359,c058f5,"Tue, 18 Feb 2020 00:00:00 GMT"
360,e7b24b,"Tue, 04 Feb 2020 00:00:00 GMT"
361,52720e,"Sun, 26 Jan 2020 00:00:00 GMT"
362,c3e878,"Thu, 30 Jan 2020 00:00:00 GMT"
363,4114,"Wed, 12 Feb 2020 00:00:00 GMT"
364,bac916,"Mon, 06 Jan 2020 00:00:00 GMT"
365,9be40c,"Mon, 06 Jan 2020 00:00:00 GMT"
366,5ef698,"Tue, 14 Jan 2020 00:00:00 GMT"
367,05049e,"Sun, 16 Feb 2020 00:00:00 GMT"
368,cf004f,"Fri, 17 Jan 2020 00:00:00 GMT"
369,0c74b7,"Wed, 12 Feb 2020 00:00:00 GMT"
370,d709f3,"Wed, 26 Feb 2020 00:00:00 GMT"
371,41f1f1,"Sun, 16 Feb 2020 00:00:00 GMT"
372,24b16f,"Sat, 15 Feb 2020 00:00:00 GMT"
373,ffd52f,"Fri, 24 Jan 2020 00:00:00 GMT"
374,ad972f,"Sun, 16 Feb 2020 00:00:00 GMT"
375,f61d69,"Fri, 03 Jan 2020 00:00:00 GMT"
376,142949,"Sat, 08 Feb 2020 00:00:00 GMT"
377,d34ab1,"Tue, 18 Feb 2020 00:00:00 GMT"
378,8bf121,"Sat, 25 Jan 2020 00:00:00 GMT"
379,a02ffd,"Wed, 01 Jan 2020 00:00:00 GMT"
380,bca82e,"Wed, 29 Jan 2020 00:00:00 GMT"
381,00ec53,"Fri, 14 Feb 2020 00:00:00 GMT"
382,4f6ffe,"Sun, 19 Jan 2020 00:00:00 GMT"
383,beed13,"Sat, 15 Feb 2020 00:00:00 GMT"
384,0584ce,"Fri, 03 Jan 2020 00:00:00 GMT"
385,dc912a,"Sat, 29 Feb 2020 00:00:00 GMT"
386,39461a,"Tue, 04 Feb 2020 00:00:00 GMT"
387,8efb10,"Sat, 18 Jan 2020 00:00:00 GMT"
388,d9fc5b,"Fri, 17 Jan 2020 00:00:00 GMT"
389,c86a7e,"Thu, 02 Jan 2020 00:00:00 GMT"
390,a01a03,"Tue, 28 Jan 2020 00:00:00 GMT"
391,5a4b25,"Wed, 01 Jan 2020 00:00:00 GMT"
392,f73b76,"Tue, 07 Jan 2020 00:00:00 GMT"
393,70c639,"Mon, 24 Feb 2020 00:00:00 GMT"
394,28f0b8,"Fri, 03 Jan 2020 00:00:00 GMT"
395,154384,"Tue, 18 Feb 2020 00:00:00 GMT"
396,f8c1f2,"Sat, 18 Jan 2020 00:00:00 GMT"
397,e46de7,"Tue, 25 Feb 2020 00:00:00 GMT"
398,b7b16e,"Thu, 23 Jan 2020 00:00:00 GMT"
399,352fe2,"Sat, 08 Feb 2020 00:00:00 GMT"
400,18d804,"Mon, 24 Feb 2020 00:00:00 GMT"
401,816b11,"Thu, 02 Jan 2020 00:00:00 GMT"
402,69cb3e,"Thu, 09 Jan 2020 00:00:00 GMT"
403,bbf94b,"Sun, 12 Jan 2020 00:00:00 GMT"
404,4f4adc,"Mon, 03 Feb 2020 00:00:00 GMT"
405,bbcbff,"Mon, 06 Jan 2020 00:00:00 GMT"
406,8cb22b,"Sun, 02 Feb 2020 00:00:00 GMT"
407,f4f6dc,"Fri, 17 Jan 2020 00:00:00 GMT"
408,0d0fd7,"Sat, 15 Feb 2020 00:00:00 GMT"
409,a96b65,"Thu, 27 Feb 2020 00:00:00 GMT"
410,1068c6,"Thu, 20 Feb 2020 00:00:00 GMT"
411,17d63b,"Sat, 22 Feb 2020 00:00:00 GMT"
412,b9228e,"Fri, 21 Feb 2020 00:00:00 GMT"
413,0deb1c,"Mon, 06 Jan 2020 00:00:00 GMT"
414,66808e,"Sat, 29 Feb 2020 00:00:00 GMT"
415,42e7aa,"Fri, 14 Feb 2020 00:00:00 GMT"
416,8fe009,"Mon, 24 Feb 2020 00:00:00 GMT"
417,41ae36,"Tue, 25 Feb 2020 00:00:00 GMT"
418,d1f255,"Sun, 19 Jan 2020 00:00:00 GMT"
419,7eacb5,"Thu, 13 Feb 2020 00:00:00 GMT"
420,b6f047,"Sat, 25 Jan 2020 00:00:00 GMT"
421,e0c641,"Tue, 14 Jan 2020 00:00:00 GMT"
422,f85454,"Sat, 22 Feb 2020 00:00:00 GMT"
423,faa9af,"Sat, 29 Feb 2020 00:00:00 GMT"
424,3c7781,"Mon, 06 Jan 2020 00:00:00 GMT"
425,25b282,"Fri, 14 Feb 2020 00:00:00 GMT"
426,6ecbdd,"Tue, 11 Feb 2020 00:00:00 GMT"
427,189977,"Sun, 16 Feb 2020 00:00:00 GMT"
428,8d7d8e,"Mon, 27 Jan 2020 00:00:00 GMT"
429,75fc09,"Tue, 21 Jan 2020 00:00:00 GMT"
430,f74909,"Mon, 06 Jan 2020 00:00:00 GMT"
431,663682,"Wed, 15 Jan 2020 00:00:00 GMT"
432,2.48E+86,"Tue, 07 Jan 2020 00:00:00 GMT"
433,019d38,"Wed, 29 Jan 2020 00:00:00 GMT"
434,a49e94,"Fri, 31 Jan 2020 00:00:00 GMT"
435,ddb306,"Thu, 20 Feb 2020 00:00:00 GMT"
436,2421fc,"Tue, 07 Jan 2020 00:00:00 GMT"
437,fccb60,"Wed, 26 Feb 2020 00:00:00 GMT"
438,1651cf,"Wed, 08 Jan 2020 00:00:00 GMT"
439,eed5af,"Wed, 12 Feb 2020 00:00:00 GMT"
440,a8abb4,"Fri, 14 Feb 2020 00:00:00 GMT"
441,15d4e8,"Wed, 19 Feb 2020 00:00:00 GMT"
442,c203d8,"Sun, 12 Jan 2020 00:00:00 GMT"
443,13f3cf,"Mon, 24 Feb 2020 00:00:00 GMT"
444,550a14,"Tue, 07 Jan 2020 00:00:00 GMT"
445,67f7fb,"Mon, 03 Feb 2020 00:00:00 GMT"
446,1a5b1e,"Thu, 23 Jan 2020 00:00:00 GMT"
447,9a9687,"Wed, 19 Feb 2020 00:00:00 GMT"
448,9b70e8,"Sat, 25 Jan 2020 00:00:00 GMT"
449,d61e4b,"Sat, 18 Jan 2020 00:00:00 GMT"
450,f5f859,"Wed, 29 Jan 2020 00:00:00 GMT"
451,941e1a,"Wed, 29 Jan 2020 00:00:00 GMT"
452,9431c8,"Sun, 09 Feb 2020 00:00:00 GMT"
453,49ae49,"Tue, 14 Jan 2020 00:00:00 GMT"
454,e44fea,"Wed, 05 Feb 2020 00:00:00 GMT"
455,821fa7,"Fri, 31 Jan 2020 00:00:00 GMT"
456,250cf8,"Thu, 06 Feb 2020 00:00:00 GMT"
457,42998c,"Sat, 18 Jan 2020 00:00:00 GMT"
458,d07e70,"Tue, 25 Feb 2020 00:00:00 GMT"
459,7fe1f8,"Thu, 06 Feb 2020 00:00:00 GMT"
460,98b297,"Wed, 15 Jan 2020 00:00:00 GMT"
461,0353ab,"Tue, 14 Jan 2020 00:00:00 GMT"
462,51d92b,"Mon, 24 Feb 2020 00:00:00 GMT"
463,428fca,"Thu, 23 Jan 2020 00:00:00 GMT"
464,f1b6f2,"Wed, 08 Jan 2020 00:00:00 GMT"
465,68ce19,"Thu, 09 Jan 2020 00:00:00 GMT"
466,e836d8,"Tue, 18 Feb 2020 00:00:00 GMT"
467,ab817c,"Fri, 28 Feb 2020 00:00:00 GMT"
468,877a9b,"Sun, 09 Feb 2020 00:00:00 GMT"
469,dc6a64,"Thu, 30 Jan 2020 00:00:00 GMT"
470,263373,"Mon, 20 Jan 2020 00:00:00 GMT"
471,8e6b42,"Sun, 26 Jan 2020 00:00:00 GMT"
472,ef575e,"Fri, 07 Feb 2020 00:00:00 GMT"
473,2.05E+03,"Thu, 27 Feb 2020 00:00:00 GMT"
474,25ddc0,"Mon, 27 Jan 2020 00:00:00 GMT"
475,5ef0b4,"Fri, 24 Jan 2020 00:00:00 GMT"
476,598b3e,"Mon, 13 Jan 2020 00:00:00 GMT"
477,74071a,"Tue, 25 Feb 2020 00:00:00 GMT"
478,cfee39,"Tue, 18 Feb 2020 00:00:00 GMT"
479,d18f65,"Sat, 08 Feb 2020 00:00:00 GMT"
480,6ea2ef,"Wed, 26 Feb 2020 00:00:00 GMT"
481,9461cc,"Tue, 14 Jan 2020 00:00:00 GMT"
482,f770b6,"Wed, 22 Jan 2020 00:00:00 GMT"
483,e1e32e,"Fri, 03 Jan 2020 00:00:00 GMT"
484,eba0dc,"Wed, 15 Jan 2020 00:00:00 GMT"
485,218a0a,"Tue, 25 Feb 2020 00:00:00 GMT"
486,7d04bb,"Thu, 20 Feb 2020 00:00:00 GMT"
487,a516a8,"Sun, 19 Jan 2020 00:00:00 GMT"
488,c3c59e,"Tue, 11 Feb 2020 00:00:00 GMT"
489,854d9f,"Wed, 22 Jan 2020 00:00:00 GMT"
490,c41000,"Tue, 21 Jan 2020 00:00:00 GMT"
491,559cb9,"Mon, 20 Jan 2020 00:00:00 GMT"
492,55a7cf,"Thu, 27 Feb 2020 00:00:00 GMT"
493,2f5570,"Sun, 02 Feb 2020 00:00:00 GMT"
494,1be3bc,"Sun, 23 Feb 2020 00:00:00 GMT"
495,350510,"Tue, 21 Jan 2020 00:00:00 GMT"
496,b534ba,"Tue, 28 Jan 2020 00:00:00 GMT"
497,7380ad,"Mon, 17 Feb 2020 00:00:00 GMT"
498,05f971,"Sat, 04 Jan 2020 00:00:00 GMT"
499,3cf166,"Wed, 29 Jan 2020 00:00:00 GMT"
500,cee631,"Fri, 28 Feb 2020 00:00:00 GMT"
184,a446d3,"Sat, 15 Feb 2020 00:00:00 GMT"
477,3739cc,"Fri, 13 Mar 2020 00:00:00 GMT"
394,6c68b7,"Wed, 08 Jan 2020 00:00:00 GMT"
350,70dcc8,"Sun, 16 Feb 2020 00:00:00 GMT"
176,a79bb0,"Tue, 07 Jan 2020 00:00:00 GMT"
309,5ecc5a,"Mon, 09 Mar 2020 00:00:00 GMT"
156,f7d90a,"Tue, 04 Feb 2020 00:00:00 GMT"
282,676ce3,"Fri, 13 Mar 2020 00:00:00 GMT"
390,8a4289,"Wed, 26 Feb 2020 00:00:00 GMT"
269,81040,"Sun, 16 Feb 2020 00:00:00 GMT"
261,f9dc33,"Tue, 10 Mar 2020 00:00:00 GMT"
42,1306da,"Wed, 18 Mar 2020 00:00:00 GMT"
189,82681,"Fri, 21 Feb 2020 00:00:00 GMT"
161,28d52e,"Thu, 20 Feb 2020 00:00:00 GMT"
117,c48562,"Thu, 23 Jan 2020 00:00:00 GMT"
257,957dc0,"Mon, 17 Feb 2020 00:00:00 GMT"
113,9ff3a2,"Tue, 17 Mar 2020 00:00:00 GMT"
40,618bb1,"Tue, 11 Feb 2020 00:00:00 GMT"
43,e9d012,"Sat, 22 Feb 2020 00:00:00 GMT"
440,a48731,"Thu, 12 Mar 2020 00:00:00 GMT"
349,2632eb,"Sat, 01 Feb 2020 00:00:00 GMT"
187,83ed03,"Mon, 20 Jan 2020 00:00:00 GMT"
357,2ec3a8,"Fri, 28 Feb 2020 00:00:00 GMT"
242,c00e5f,"Fri, 31 Jan 2020 00:00:00 GMT"
307,51556b,"Wed, 25 Mar 2020 00:00:00 GMT"
29,3f11c0,"Thu, 06 Feb 2020 00:00:00 GMT"
181,d08872,"Sat, 01 Feb 2020 00:00:00 GMT"
466,39c4cd,"Mon, 09 Mar 2020 00:00:00 GMT"
201,b90f2e,"Thu, 20 Feb 2020 00:00:00 GMT"
35,166861,"Mon, 27 Jan 2020 00:00:00 GMT"
446,1c1409,"Sat, 01 Feb 2020 00:00:00 GMT"
400,169dd3,"Wed, 26 Feb 2020 00:00:00 GMT"
219,b4cfe6,"Sun, 02 Feb 2020 00:00:00 GMT"
241,0f7a74,"Fri, 13 Mar 2020 00:00:00 GMT"
175,1558d7,"Sat, 07 Mar 2020 00:00:00 GMT"
50,f0d927,"Mon, 17 Feb 2020 00:00:00 GMT"
231,6ef636,"Sun, 16 Feb 2020 00:00:00 GMT"
66,c02ce6,"Thu, 30 Jan 2020 00:00:00 GMT"
356,37c844,"Thu, 30 Jan 2020 00:00:00 GMT"
391,0c7d02,"Tue, 14 Jan 2020 00:00:00 GMT"
458,74e816,"Fri, 13 Mar 2020 00:00:00 GMT"
414,c51cb1,"Sat, 29 Feb 2020 00:00:00 GMT"
75,396d06,"Wed, 22 Jan 2020 00:00:00 GMT"
128,ca868e,"Tue, 25 Feb 2020 00:00:00 GMT"
166,13e986,"Mon, 09 Mar 2020 00:00:00 GMT"
410,c2b43f,"Fri, 28 Feb 2020 00:00:00 GMT"
152,f01ba8,"Sat, 14 Mar 2020 00:00:00 GMT"
38,515ef6,"Thu, 30 Jan 2020 00:00:00 GMT"
359,fa8325,"Mon, 02 Mar 2020 00:00:00 GMT"
217,b49d81,"Fri, 24 Jan 2020 00:00:00 GMT"
186,3de39d,"Sat, 07 Mar 2020 00:00:00 GMT"
47,617d26,"Fri, 13 Mar 2020 00:00:00 GMT"
27,d56c2a,"Sun, 09 Feb 2020 00:00:00 GMT"
143,4b2c4e,"Sat, 18 Jan 2020 00:00:00 GMT"
496,f2dca6,"Tue, 18 Feb 2020 00:00:00 GMT"
294,748aa2,"Thu, 27 Feb 2020 00:00:00 GMT"
229,15e850,"Sun, 26 Jan 2020 00:00:00 GMT"
481,81c3a3,"Mon, 10 Feb 2020 00:00:00 GMT"
258,aad28d,"Sun, 23 Feb 2020 00:00:00 GMT"
378,e8b021,"Mon, 27 Jan 2020 00:00:00 GMT"
405,fc9a65,"Thu, 23 Jan 2020 00:00:00 GMT"
170,3116b3,"Sat, 29 Feb 2020 00:00:00 GMT"
192,512d3f,"Tue, 18 Feb 2020 00:00:00 GMT"
276,3020df,"Sat, 14 Mar 2020 00:00:00 GMT"
69,9286bc,"Mon, 20 Jan 2020 00:00:00 GMT"
379,8884d5,"Thu, 09 Jan 2020 00:00:00 GMT"
375,200082,"Mon, 27 Jan 2020 00:00:00 GMT"
115,2d39db,"Mon, 03 Feb 2020 00:00:00 GMT"
97,a60f65,"Thu, 23 Jan 2020 00:00:00 GMT"
127,17ccc5,"Wed, 22 Jan 2020 00:00:00 GMT"
44,0426be,"Sun, 02 Feb 2020 00:00:00 GMT"
153,b28827,"Tue, 18 Feb 2020 00:00:00 GMT"
279,071bc6,"Tue, 10 Mar 2020 00:00:00 GMT"
214,2b2e4f,"Sat, 01 Feb 2020 00:00:00 GMT"
9,3.58E+26,"Wed, 26 Feb 2020 00:00:00 GMT"
419,866825,"Wed, 04 Mar 2020 00:00:00 GMT"
457,4d2600,"Tue, 28 Jan 2020 00:00:00 GMT"
409,7af144,"Mon, 23 Mar 2020 00:00:00 GMT"
249,a98cf7,"Tue, 28 Jan 2020 00:00:00 GMT"
255,e3dfcf,"Fri, 10 Jan 2020 00:00:00 GMT"
56,691f39,"Wed, 18 Mar 2020 00:00:00 GMT"
245,0ed373,"Sun, 05 Jan 2020 00:00:00 GMT"
325,1e776a,"Thu, 30 Jan 2020 00:00:00 GMT"
443,774295,"Mon, 24 Feb 2020 00:00:00 GMT"
484,1a8379,"Fri, 24 Jan 2020 00:00:00 GMT"
144,a9826b,"Wed, 12 Feb 2020 00:00:00 GMT"
471,7f747b,"Thu, 30 Jan 2020 00:00:00 GMT"
393,7e7a2b,"Tue, 24 Mar 2020 00:00:00 GMT"
287,d052fe,"Sun, 26 Jan 2020 00:00:00 GMT"
464,10e982,"Fri, 10 Jan 2020 00:00:00 GMT"
312,d8032d,"Mon, 13 Jan 2020 00:00:00 GMT"
167,b27eda,"Fri, 31 Jan 2020 00:00:00 GMT"
290,0d4a40,"Wed, 12 Feb 2020 00:00:00 GMT"
469,957134,"Tue, 25 Feb 2020 00:00:00 GMT"
118,fd89ac,"Sun, 19 Jan 2020 00:00:00 GMT"
342,6979db,"Thu, 20 Feb 2020 00:00:00 GMT"
194,55de18,"Fri, 21 Feb 2020 00:00:00 GMT"
360,ffc357,"Thu, 27 Feb 2020 00:00:00 GMT"
476,d7a683,"Tue, 21 Jan 2020 00:00:00 GMT"
99,93000f,"Fri, 06 Mar 2020 00:00:00 GMT"
41,41dd88,"Wed, 05 Feb 2020 00:00:00 GMT"
439,588295,"Sun, 08 Mar 2020 00:00:00 GMT"
224,4a0fa3,"Sun, 09 Feb 2020 00:00:00 GMT"
53,192a3f,"Thu, 13 Feb 2020 00:00:00 GMT"
336,8bfb56,"Tue, 18 Feb 2020 00:00:00 GMT"
275,1c6b65,"Wed, 29 Jan 2020 00:00:00 GMT"
247,0d1395,"Wed, 22 Jan 2020 00:00:00 GMT"
260,3860f0,"Wed, 05 Feb 2020 00:00:00 GMT"
136,356cf9,"Thu, 16 Jan 2020 00:00:00 GMT"
354,1.52E+07,"Thu, 12 Mar 2020 00:00:00 GMT"
139,d6e45f,"Wed, 11 Mar 2020 00:00:00 GMT"
12,7c7bc8,"Fri, 14 Feb 2020 00:00:00 GMT"
479,457262,"Sat, 07 Mar 2020 00:00:00 GMT"
425,f202bc,"Sun, 01 Mar 2020 00:00:00 GMT"
154,95d817,"Wed, 19 Feb 2020 00:00:00 GMT"
474,f7d4ae,"Thu, 20 Feb 2020 00:00:00 GMT"
422,e9ad06,"Sat, 22 Feb 2020 00:00:00 GMT"
264,e3fc3a,"Thu, 05 Mar 2020 00:00:00 GMT"
185,b18565,"Sat, 08 Feb 2020 00:00:00 GMT"
23,12dbc8,"Sat, 18 Jan 2020 00:00:00 GMT"
486,6c006d,"Sun, 08 Mar 2020 00:00:00 GMT"
351,dbc2c0,"Sat, 29 Feb 2020 00:00:00 GMT"
314,cf60cd,"Sun, 09 Feb 2020 00:00:00 GMT"
386,4208ef,"Tue, 11 Feb 2020 00:00:00 GMT"
426,991739,"Mon, 17 Feb 2020 00:00:00 GMT"
491,00f35a,"Mon, 10 Feb 2020 00:00:00 GMT"
299,7539c8,"Wed, 08 Jan 2020 00:00:00 GMT"
169,1c6073,"Mon, 03 Feb 2020 00:00:00 GMT"
436,6b4b9d,"Tue, 28 Jan 2020 00:00:00 GMT"
437,da562b,"Sat, 07 Mar 2020 00:00:00 GMT"
236,c402d4,"Fri, 21 Feb 2020 00:00:00 GMT"
263,1048db,"Mon, 24 Feb 2020 00:00:00 GMT"
197,047aa5,"Tue, 04 Feb 2020 00:00:00 GMT"
493,257302,"Sun, 02 Feb 2020 00:00:00 GMT"
454,2e258a,"Sun, 16 Feb 2020 00:00:00 GMT"
478,86ff7b,"Mon, 24 Feb 2020 00:00:00 GMT"
149,13f75e,"Fri, 14 Feb 2020 00:00:00 GMT"
280,1c6925,"Sat, 21 Mar 2020 00:00:00 GMT"
239,b30f95,"Mon, 03 Feb 2020 00:00:00 GMT"
121,3673d6,"Fri, 24 Jan 2020 00:00:00 GMT"
420,d7e55e,"Mon, 27 Jan 2020 00:00:00 GMT"
196,71c9cf,"Sun, 09 Feb 2020 00:00:00 GMT"
15,554588,"Tue, 25 Feb 2020 00:00:00 GMT"
226,0a7b3c,"Sun, 19 Jan 2020 00:00:00 GMT"
210,212611,"Thu, 19 Mar 2020 00:00:00 GMT"
298,8278f2,"Mon, 03 Feb 2020 00:00:00 GMT"
81,b0b666,"Sun, 01 Mar 2020 00:00:00 GMT"
244,d3e3b3,"Tue, 04 Feb 2020 00:00:00 GMT"
468,3e410c,"Mon, 24 Feb 2020 00:00:00 GMT"
204,855694,"Fri, 07 Feb 2020 00:00:00 GMT"
104,d45b22,"Tue, 03 Mar 2020 00:00:00 GMT"
283,e63d48,"Mon, 17 Feb 2020 00:00:00 GMT"
179,17429f,"Sun, 08 Mar 2020 00:00:00 GMT"
297,e2f878,"Mon, 03 Feb 2020 00:00:00 GMT"
361,2f9efb,"Fri, 31 Jan 2020 00:00:00 GMT"
321,95425b,"Sat, 07 Mar 2020 00:00:00 GMT"
402,0885ad,"Wed, 05 Feb 2020 00:00:00 GMT"
472,32851d,"Sat, 08 Feb 2020 00:00:00 GMT"
233,9fdf0a,"Tue, 14 Jan 2020 00:00:00 GMT"
252,5900f6,"Thu, 30 Jan 2020 00:00:00 GMT"
31,f6e010,"Thu, 20 Feb 2020 00:00:00 GMT"
327,c2b807,"Sun, 23 Feb 2020 00:00:00 GMT"
109,59c4b4,"Tue, 21 Jan 2020 00:00:00 GMT"
155,0cb7dd,"Fri, 10 Jan 2020 00:00:00 GMT"
133,5cb3eb,"Tue, 21 Jan 2020 00:00:00 GMT"
416,e4f33c,"Thu, 19 Mar 2020 00:00:00 GMT"
369,75260d,"Mon, 17 Feb 2020 00:00:00 GMT"
441,36a153,"Sat, 14 Mar 2020 00:00:00 GMT"
243,5c29e3,"Wed, 19 Feb 2020 00:00:00 GMT"
301,a6d0e5,"Sun, 26 Jan 2020 00:00:00 GMT"
7,300c3b,"Tue, 25 Feb 2020 00:00:00 GMT"
254,2b322c,"Tue, 10 Mar 2020 00:00:00 GMT"
78,553f86,"Sun, 19 Jan 2020 00:00:00 GMT"
432,4abc8a,"Sun, 26 Jan 2020 00:00:00 GMT"
250,019dcc,"Sun, 23 Feb 2020 00:00:00 GMT"
20,d46a1c,"Sun, 23 Feb 2020 00:00:00 GMT"
1,026a9a,"Wed, 26 Feb 2020 00:00:00 GMT"
178,5a521c,"Sun, 01 Mar 2020 00:00:00 GMT"
203,a30061,"Sat, 21 Mar 2020 00:00:00 GMT"
8,0bcfa1,"Thu, 05 Mar 2020 00:00:00 GMT"
455,2e21c8,"Mon, 03 Feb 2020 00:00:00 GMT"
370,97652a,"Mon, 09 Mar 2020 00:00:00 GMT"
68,7.14E+77,"Sun, 12 Jan 2020 00:00:00 GMT"
448,36a581,"Sun, 02 Feb 2020 00:00:00 GMT"
396,d56bc0,"Mon, 10 Feb 2020 00:00:00 GMT"
132,4d2bf5,"Wed, 12 Feb 2020 00:00:00 GMT"
322,8a6970,"Tue, 17 Mar 2020 00:00:00 GMT"
330,97d790,"Fri, 31 Jan 2020 00:00:00 GMT"
348,382c04,"Tue, 25 Feb 2020 00:00:00 GMT"
114,50261e,"Sun, 23 Feb 2020 00:00:00 GMT"
238,80294f,"Tue, 14 Jan 2020 00:00:00 GMT"
268,1ee2fe,"Mon, 23 Mar 2020 00:00:00 GMT"
65,aeb73b,"Tue, 04 Feb 2020 00:00:00 GMT"
98,5d36cb,"Sun, 02 Feb 2020 00:00:00 GMT"
82,92f990,"Sun, 26 Jan 2020 00:00:00 GMT"
306,5e7d35,"Tue, 17 Mar 2020 00:00:00 GMT"
286,9c5a5e,"Sat, 07 Mar 2020 00:00:00 GMT"
376,31a612,"Fri, 14 Feb 2020 00:00:00 GMT"
147,455428,"Thu, 06 Feb 2020 00:00:00 GMT"
480,e8aeff,"Sat, 07 Mar 2020 00:00:00 GMT"
338,5a18d5,"Fri, 10 Jan 2020 00:00:00 GMT"
202,067d4b,"Fri, 14 Feb 2020 00:00:00 GMT"
26,0c1a6a,"Sat, 08 Feb 2020 00:00:00 GMT"
72,6b93e2,"Mon, 03 Feb 2020 00:00:00 GMT"
232,599af0,"Thu, 30 Jan 2020 00:00:00 GMT"
77,73fc72,"Mon, 03 Feb 2020 00:00:00 GMT"
131,0fc658,"Wed, 05 Feb 2020 00:00:00 GMT"
198,24588,"Tue, 07 Jan 2020 00:00:00 GMT"
17,85a77b,"Mon, 24 Feb 2020 00:00:00 GMT"
37,9ef039,"Tue, 03 Mar 2020 00:00:00 GMT"
28,5a6b2b,"Sun, 29 Mar 2020 00:00:00 GMT"
404,fa1681,"Thu, 13 Feb 2020 00:00:00 GMT"
225,f752fb,"Sat, 08 Feb 2020 00:00:00 GMT"
295,3d502b,"Mon, 16 Mar 2020 00:00:00 GMT"
134,0aedd9,"Thu, 05 Mar 2020 00:00:00 GMT"
274,6f0d75,"Thu, 30 Jan 2020 00:00:00 GMT"
163,b4e9a5,"Wed, 29 Jan 2020 00:00:00 GMT"
36,f404ac,"Fri, 28 Feb 2020 00:00:00 GMT"
221,8fbd57,"Wed, 19 Feb 2020 00:00:00 GMT"
430,fe0154,"Thu, 23 Jan 2020 00:00:00 GMT"
102,749717,"Tue, 04 Feb 2020 00:00:00 GMT"
460,c53d1a,"Wed, 29 Jan 2020 00:00:00 GMT"
499,74119e,"Mon, 03 Feb 2020 00:00:00 GMT"
265,b581b0,"Mon, 02 Mar 2020 00:00:00 GMT"
111,24f5a5,"Sat, 15 Feb 2020 00:00:00 GMT"
16,f21200,"Sun, 19 Jan 2020 00:00:00 GMT"
123,ecaa5f,"Wed, 04 Mar 2020 00:00:00 GMT"
326,d619e4,"Tue, 21 Jan 2020 00:00:00 GMT"
492,dbc5fe,"Tue, 03 Mar 2020 00:00:00 GMT"
157,575c62,"Tue, 11 Feb 2020 00:00:00 GMT"
413,fb0702,"Mon, 27 Jan 2020 00:00:00 GMT"
183,368f87,"Tue, 25 Feb 2020 00:00:00 GMT"
313,061fca,"Thu, 05 Mar 2020 00:00:00 GMT"
150,0eecbb,"Fri, 28 Feb 2020 00:00:00 GMT"
140,c3aede,"Thu, 30 Jan 2020 00:00:00 GMT"
208,4a21d7,"Mon, 03 Feb 2020 00:00:00 GMT"
392,a88c32,"Tue, 21 Jan 2020 00:00:00 GMT"
191,eefca9,"Sun, 15 Mar 2020 00:00:00 GMT"
25,6ef7b8,"Tue, 04 Feb 2020 00:00:00 GMT"
49,9124c5,"Thu, 16 Jan 2020 00:00:00 GMT"
55,274c8f,"Tue, 18 Feb 2020 00:00:00 GMT"
148,30b742,"Mon, 03 Feb 2020 00:00:00 GMT"
477,00c967,"Sat, 04 Apr 2020 00:00:00 GMT"
394,e34a77,"Mon, 27 Jan 2020 00:00:00 GMT"
272,8a1587,"Sat, 25 Jan 2020 00:00:00 GMT"
278,69930a,"Fri, 07 Feb 2020 00:00:00 GMT"
424,74c435,"Sat, 25 Jan 2020 00:00:00 GMT"
22,f61748,"Thu, 27 Feb 2020 00:00:00 GMT"
475,c3f1dd,"Mon, 03 Feb 2020 00:00:00 GMT"
282,113d03,"Fri, 20 Mar 2020 00:00:00 GMT"
173,1b5a68,"Sun, 19 Jan 2020 00:00:00 GMT"
261,2bb4ed,"Fri, 13 Mar 2020 00:00:00 GMT"
42,975d24,"Wed, 25 Mar 2020 00:00:00 GMT"
161,0582c3,"Mon, 02 Mar 2020 00:00:00 GMT"
117,1edbe0,"Wed, 29 Jan 2020 00:00:00 GMT"
257,00dc3a,"Thu, 20 Feb 2020 00:00:00 GMT"
113,dc7fd6,"Mon, 13 Apr 2020 00:00:00 GMT"
43,e9cbc2,"Sat, 07 Mar 2020 00:00:00 GMT"
120,329df4,"Fri, 14 Feb 2020 00:00:00 GMT"
440,ff9338,"Thu, 26 Mar 2020 00:00:00 GMT"
349,22187,"Sun, 16 Feb 2020 00:00:00 GMT"
187,c73987,"Tue, 21 Jan 2020 00:00:00 GMT"
57,947179,"Wed, 15 Jan 2020 00:00:00 GMT"
19,39adaa,"Fri, 28 Feb 2020 00:00:00 GMT"
357,1cefb6,"Tue, 17 Mar 2020 00:00:00 GMT"
242,2b4063,"Wed, 05 Feb 2020 00:00:00 GMT"
266,904cee,"Tue, 17 Mar 2020 00:00:00 GMT"
315,9b5f71,"Sat, 08 Feb 2020 00:00:00 GMT"
54,ad1f2c,"Tue, 25 Feb 2020 00:00:00 GMT"
96,18f517,"Tue, 04 Feb 2020 00:00:00 GMT"
466,55c55b,"Thu, 26 Mar 2020 00:00:00 GMT"
35,4c40e8,"Sat, 22 Feb 2020 00:00:00 GMT"
107,ccf057,"Fri, 14 Feb 2020 00:00:00 GMT"
6,a2d56c,"Fri, 21 Feb 2020 00:00:00 GMT"
86,fdf68a,"Mon, 03 Feb 2020 00:00:00 GMT"
219,72d72c,"Tue, 11 Feb 2020 00:00:00 GMT"
241,188a1c,"Fri, 20 Mar 2020 00:00:00 GMT"
175,0b2457,"Wed, 25 Mar 2020 00:00:00 GMT"
50,18f57c,"Wed, 26 Feb 2020 00:00:00 GMT"
231,172c5b,"Wed, 26 Feb 2020 00:00:00 GMT"
66,d5f9a8,"Wed, 26 Feb 2020 00:00:00 GMT"
340,dce1d6,"Sat, 22 Feb 2020 00:00:00 GMT"
487,251cb7,"Wed, 29 Jan 2020 00:00:00 GMT"
458,3a8051,"Sun, 22 Mar 2020 00:00:00 GMT"
2,3221a7,"Sat, 18 Jan 2020 00:00:00 GMT"
368,3de596,"Fri, 31 Jan 2020 00:00:00 GMT"
246,d8f836,"Sun, 01 Mar 2020 00:00:00 GMT"
75,04de71,"Sun, 09 Feb 2020 00:00:00 GMT"
128,4d5962,"Sun, 15 Mar 2020 00:00:00 GMT"
166,4b9798,"Sun, 05 Apr 2020 00:00:00 GMT"
142,b51d8c,"Wed, 11 Mar 2020 00:00:00 GMT"
410,ee51e7,"Thu, 12 Mar 2020 00:00:00 GMT"
152,6a570d,"Sun, 29 Mar 2020 00:00:00 GMT"
355,a764b9,"Thu, 06 Feb 2020 00:00:00 GMT"
359,198bf1,"Tue, 17 Mar 2020 00:00:00 GMT"
193,71473b,"Sat, 14 Mar 2020 00:00:00 GMT"
453,3b5b0f,"Tue, 11 Feb 2020 00:00:00 GMT"
186,ad0651,"Mon, 30 Mar 2020 00:00:00 GMT"
177,6a9c7b,"Wed, 11 Mar 2020 00:00:00 GMT"
110,c59a86,"Mon, 02 Mar 2020 00:00:00 GMT"
145,f18090,"Mon, 03 Feb 2020 00:00:00 GMT"
27,f1e53d,"Mon, 24 Feb 2020 00:00:00 GMT"
496,062b2e,"Thu, 20 Feb 2020 00:00:00 GMT"
58,67303f,"Sat, 22 Feb 2020 00:00:00 GMT"
294,c88e40,"Tue, 03 Mar 2020 00:00:00 GMT"
229,fae8ce,"Sun, 02 Feb 2020 00:00:00 GMT"
481,1f9083,"Wed, 19 Feb 2020 00:00:00 GMT"
438,09f766,"Thu, 30 Jan 2020 00:00:00 GMT"
382,e07182,"Fri, 24 Jan 2020 00:00:00 GMT"
258,74f5ea,"Sat, 21 Mar 2020 00:00:00 GMT"
483,d614e6,"Thu, 09 Jan 2020 00:00:00 GMT"
405,78bfe4,"Thu, 30 Jan 2020 00:00:00 GMT"
84,e1890a,"Sat, 21 Mar 2020 00:00:00 GMT"
170,c5ce1c,"Tue, 17 Mar 2020 00:00:00 GMT"
192,4.91E+91,"Fri, 21 Feb 2020 00:00:00 GMT"
101,ca7bbc,"Wed, 25 Mar 2020 00:00:00 GMT"
473,7c4f97,"Sat, 29 Feb 2020 00:00:00 GMT"
379,ad655e,"Mon, 20 Jan 2020 00:00:00 GMT"
320,612cc4,"Sat, 29 Feb 2020 00:00:00 GMT"
375,13a2c2,"Thu, 30 Jan 2020 00:00:00 GMT"
115,0cba92,"Fri, 21 Feb 2020 00:00:00 GMT"
97,dc7202,"Thu, 23 Jan 2020 00:00:00 GMT"
408,6c5ffe,"Fri, 28 Feb 2020 00:00:00 GMT"
59,d128a9,"Thu, 06 Feb 2020 00:00:00 GMT"
127,7d2ebf,"Sat, 15 Feb 2020 00:00:00 GMT"
329,e2f05b,"Thu, 27 Feb 2020 00:00:00 GMT"
44,616a09,"Sat, 08 Feb 2020 00:00:00 GMT"
11,44f007,"Fri, 14 Feb 2020 00:00:00 GMT"
153,47b872,"Sun, 23 Feb 2020 00:00:00 GMT"
279,96a40b,"Fri, 20 Mar 2020 00:00:00 GMT"
214,5cf70b,"Wed, 19 Feb 2020 00:00:00 GMT"
457,85daae,"Sun, 23 Feb 2020 00:00:00 GMT"
281,776595,"Thu, 13 Feb 2020 00:00:00 GMT"
302,d1d417,"Fri, 31 Jan 2020 00:00:00 GMT"
21,4a3f9f,"Sat, 22 Feb 2020 00:00:00 GMT"
3,7820ec,"Wed, 11 Mar 2020 00:00:00 GMT"
324,4628c7,"Wed, 19 Feb 2020 00:00:00 GMT"
398,1f8dd5,"Sun, 09 Feb 2020 00:00:00 GMT"
388,91e2ea,"Wed, 12 Feb 2020 00:00:00 GMT"
165,ca1bca,"Sat, 29 Feb 2020 00:00:00 GMT"
56,658d6c,"Wed, 18 Mar 2020 00:00:00 GMT"
296,20ea51,"Tue, 25 Feb 2020 00:00:00 GMT"
138,06620e,"Tue, 21 Jan 2020 00:00:00 GMT"
34,b0a0c3,"Sun, 22 Mar 2020 00:00:00 GMT"
418,ae9097,"Mon, 27 Jan 2020 00:00:00 GMT"
245,92cd7f,"Fri, 17 Jan 2020 00:00:00 GMT"
205,bcf585,"Sat, 04 Jan 2020 00:00:00 GMT"
67,3ba45d,"Sat, 14 Mar 2020 00:00:00 GMT"
325,ba419e,"Fri, 31 Jan 2020 00:00:00 GMT"
443,2.85E+03,"Mon, 02 Mar 2020 00:00:00 GMT"
387,97907c,"Mon, 10 Feb 2020 00:00:00 GMT"
484,ba3725,"Tue, 11 Feb 2020 00:00:00 GMT"
39,b946ee,"Sun, 26 Jan 2020 00:00:00 GMT"
471,dc5df4,"Mon, 10 Feb 2020 00:00:00 GMT"
464,fc85d6,"Fri, 07 Feb 2020 00:00:00 GMT"
498,d6a834,"Mon, 06 Jan 2020 00:00:00 GMT"
277,2a53fd,"Thu, 30 Jan 2020 00:00:00 GMT"
290,ff9b4b,"Tue, 03 Mar 2020 00:00:00 GMT"
469,44ea1f,"Tue, 17 Mar 2020 00:00:00 GMT"
300,b708af,"Tue, 10 Mar 2020 00:00:00 GMT"
284,383ed5,"Wed, 11 Mar 2020 00:00:00 GMT"
342,039c72,"Fri, 13 Mar 2020 00:00:00 GMT"
488,e2248f,"Tue, 11 Feb 2020 00:00:00 GMT"
126,d87c9b,"Tue, 14 Jan 2020 00:00:00 GMT"
194,9a78ed,"Mon, 09 Mar 2020 00:00:00 GMT"
463,80879b,"Sun, 02 Feb 2020 00:00:00 GMT"
476,db7de3,"Fri, 24 Jan 2020 00:00:00 GMT"
367,04273a,"Mon, 02 Mar 2020 00:00:00 GMT"
374,869f54,"Fri, 06 Mar 2020 00:00:00 GMT"
46,727d76,"Sun, 09 Feb 2020 00:00:00 GMT"
336,0644ee,"Sat, 29 Feb 2020 00:00:00 GMT"
318,11270e,"Sat, 29 Feb 2020 00:00:00 GMT"
275,dae6f5,"Mon, 10 Feb 2020 00:00:00 GMT"
247,1a6dda,"Thu, 06 Feb 2020 00:00:00 GMT"
423,2ec9fb,"Fri, 27 Mar 2020 00:00:00 GMT"
354,405f0d,"Tue, 24 Mar 2020 00:00:00 GMT"
139,b49ced,"Wed, 11 Mar 2020 00:00:00 GMT"
12,454bd7,"Fri, 06 Mar 2020 00:00:00 GMT"
479,04a4e0,"Sun, 05 Apr 2020 00:00:00 GMT"
425,206240,"Sat, 21 Mar 2020 00:00:00 GMT"
495,478f28,"Thu, 06 Feb 2020 00:00:00 GMT"
154,2637aa,"Sun, 01 Mar 2020 00:00:00 GMT"
234,10c3c8,"Tue, 17 Mar 2020 00:00:00 GMT"
256,25d147,"Thu, 27 Feb 2020 00:00:00 GMT"
33,ae7068,"Wed, 19 Feb 2020 00:00:00 GMT"
380,e33b61,"Thu, 30 Jan 2020 00:00:00 GMT"
130,05009b,"Fri, 28 Feb 2020 00:00:00 GMT"
116,56c015,"Sun, 01 Mar 2020 00:00:00 GMT"
386,1652,"Tue, 18 Feb 2020 00:00:00 GMT"
431,cd7f02,"Fri, 24 Jan 2020 00:00:00 GMT"
433,b81045,"Fri, 14 Feb 2020 00:00:00 GMT"
462,1e8c2d,"Sat, 21 Mar 2020 00:00:00 GMT"
92,0f6c9f,"Fri, 06 Mar 2020 00:00:00 GMT"
180,46317c,"Sun, 16 Feb 2020 00:00:00 GMT"
263,2e83b4,"Mon, 23 Mar 2020 00:00:00 GMT"
470,838000,"Tue, 11 Feb 2020 00:00:00 GMT"
227,a82631,"Sat, 25 Jan 2020 00:00:00 GMT"
478,da47b2,"Sun, 01 Mar 2020 00:00:00 GMT"
149,75fc0f,"Sun, 16 Feb 2020 00:00:00 GMT"
311,56669c,"Wed, 04 Mar 2020 00:00:00 GMT"
103,e8f584,"Mon, 27 Jan 2020 00:00:00 GMT"
121,5864bc,"Tue, 28 Jan 2020 00:00:00 GMT"
88,2e04c6,"Sat, 01 Feb 2020 00:00:00 GMT"
420,5eb096,"Fri, 14 Feb 2020 00:00:00 GMT"
240,624702,"Thu, 13 Feb 2020 00:00:00 GMT"
196,c2d632,"Sun, 08 Mar 2020 00:00:00 GMT"
291,821878,"Thu, 05 Mar 2020 00:00:00 GMT"
48,a54d00,"Tue, 25 Feb 2020 00:00:00 GMT"
447,a44717,"Fri, 06 Mar 2020 00:00:00 GMT"
81,f5ae11,"Fri, 20 Mar 2020 00:00:00 GMT"
61,9bb58b,"Tue, 03 Mar 2020 00:00:00 GMT"
244,aef9d8,"Wed, 12 Feb 2020 00:00:00 GMT"
204,9310d5,"Fri, 07 Feb 2020 00:00:00 GMT"
5,25cf57,"Tue, 11 Feb 2020 00:00:00 GMT"
171,4753d4,"Sun, 26 Jan 2020 00:00:00 GMT"
456,12bf9d,"Mon, 10 Feb 2020 00:00:00 GMT"
397,adc53a,"Sat, 14 Mar 2020 00:00:00 GMT"
347,8.44E+06,"Mon, 27 Jan 2020 00:00:00 GMT"
297,1e7467,"Thu, 13 Feb 2020 00:00:00 GMT"
303,529f02,"Mon, 27 Jan 2020 00:00:00 GMT"
105,9cd08f,"Sun, 23 Feb 2020 00:00:00 GMT"
402,5ecca8,"Mon, 24 Feb 2020 00:00:00 GMT"
472,e4d9f4,"Fri, 28 Feb 2020 00:00:00 GMT"
445,cd7cfd,"Fri, 28 Feb 2020 00:00:00 GMT"
252,1d1488,"Sun, 02 Feb 2020 00:00:00 GMT"
31,35c4ed,"Fri, 21 Feb 2020 00:00:00 GMT"
327,1edc73,"Sun, 01 Mar 2020 00:00:00 GMT"
253,7cd97b,"Tue, 18 Feb 2020 00:00:00 GMT"
14,92ee89,"Sun, 09 Feb 2020 00:00:00 GMT"
497,b355b4,"Thu, 27 Feb 2020 00:00:00 GMT"
195,66f866,"Mon, 06 Jan 2020 00:00:00 GMT"
199,62e9b2,"Tue, 18 Feb 2020 00:00:00 GMT"
441,2a7bf3,"Wed, 25 Mar 2020 00:00:00 GMT"
339,cdfa92,"Sat, 29 Feb 2020 00:00:00 GMT"
243,f2aa1f,"Thu, 27 Feb 2020 00:00:00 GMT"
383,6bec8d,"Sun, 16 Feb 2020 00:00:00 GMT"
7,f3f25d,"Wed, 18 Mar 2020 00:00:00 GMT"
254,0b7c24,"Mon, 16 Mar 2020 00:00:00 GMT"
377,3551ae,"Wed, 26 Feb 2020 00:00:00 GMT"
78,c90ea9,"Thu, 23 Jan 2020 00:00:00 GMT"
159,2d0973,"Fri, 31 Jan 2020 00:00:00 GMT"
20,0d8eb5,"Sat, 07 Mar 2020 00:00:00 GMT"
1,ac1c29,"Sun, 15 Mar 2020 00:00:00 GMT"
106,c20a23,"Wed, 18 Mar 2020 00:00:00 GMT"
178,76f029,"Tue, 03 Mar 2020 00:00:00 GMT"
68,9b6ef5,"Sun, 19 Jan 2020 00:00:00 GMT"
448,13c322,"Thu, 27 Feb 2020 00:00:00 GMT"
80,f1ef0b,"Sat, 08 Feb 2020 00:00:00 GMT"
396,2c4013,"Sun, 01 Mar 2020 00:00:00 GMT"
389,a96443,"Mon, 06 Jan 2020 00:00:00 GMT"
237,092d3d,"Wed, 18 Mar 2020 00:00:00 GMT"
451,6cc48e,"Thu, 06 Feb 2020 00:00:00 GMT"
348,5da2e9,"Tue, 17 Mar 2020 00:00:00 GMT"
337,dc3d86,"Thu, 06 Feb 2020 00:00:00 GMT"
114,faabc8,"Tue, 03 Mar 2020 00:00:00 GMT"
98,024e6e,"Tue, 11 Feb 2020 00:00:00 GMT"
82,b2a32c,"Thu, 06 Feb 2020 00:00:00 GMT"
119,0feb5d,"Mon, 02 Mar 2020 00:00:00 GMT"
376,78f9b3,"Sun, 16 Feb 2020 00:00:00 GMT"
147,067a26,"Wed, 04 Mar 2020 00:00:00 GMT"
338,98979a,"Sun, 19 Jan 2020 00:00:00 GMT"
202,3c7567,"Thu, 05 Mar 2020 00:00:00 GMT"
358,fd5a4a,"Mon, 09 Mar 2020 00:00:00 GMT"
79,2b5d0f,"Sat, 22 Feb 2020 00:00:00 GMT"
72,7f0355,"Thu, 06 Feb 2020 00:00:00 GMT"
77,5edbd6,"Thu, 20 Feb 2020 00:00:00 GMT"
131,eee875,"Sat, 15 Feb 2020 00:00:00 GMT"
198,301395,"Sat, 18 Jan 2020 00:00:00 GMT"
17,b580b2,"Fri, 20 Mar 2020 00:00:00 GMT"
310,17497a,"Sun, 01 Mar 2020 00:00:00 GMT"
353,e52fd7,"Mon, 02 Mar 2020 00:00:00 GMT"
489,8db5ce,"Sun, 02 Feb 2020 00:00:00 GMT"
225,73b2af,"Tue, 03 Mar 2020 00:00:00 GMT"
395,93ad45,"Fri, 28 Feb 2020 00:00:00 GMT"
45,fe7770,"Sat, 15 Feb 2020 00:00:00 GMT"
295,2447bb,"Tue, 31 Mar 2020 00:00:00 GMT"
134,53c9e0,"Sun, 08 Mar 2020 00:00:00 GMT"
274,75adb2,"Mon, 17 Feb 2020 00:00:00 GMT"
352,dcb6c8,"Mon, 13 Jan 2020 00:00:00 GMT"
36,5918b4,"Wed, 04 Mar 2020 00:00:00 GMT"
362,6de4b6,"Tue, 11 Feb 2020 00:00:00 GMT"
221,9061c1,"Thu, 12 Mar 2020 00:00:00 GMT"
430,1404fc,"Mon, 17 Feb 2020 00:00:00 GMT"
102,1f778d,"Sat, 15 Feb 2020 00:00:00 GMT"
460,a4a9fd,"Tue, 18 Feb 2020 00:00:00 GMT"
111,424281,"Wed, 11 Mar 2020 00:00:00 GMT"
459,bdc704,"Sat, 08 Feb 2020 00:00:00 GMT"
207,fbc378,"Mon, 10 Feb 2020 00:00:00 GMT"
62,8.48E+03,"Fri, 07 Feb 2020 00:00:00 GMT"
123,07dc8c,"Wed, 04 Mar 2020 00:00:00 GMT"
365,7ec919,"Tue, 21 Jan 2020 00:00:00 GMT"
157,a278e0,"Sat, 07 Mar 2020 00:00:00 GMT"
308,aeb302,"Wed, 05 Feb 2020 00:00:00 GMT"
313,96aead,"Sun, 15 Mar 2020 00:00:00 GMT"
150,eca8ba,"Tue, 03 Mar 2020 00:00:00 GMT"
248,de0169,"Tue, 04 Feb 2020 00:00:00 GMT"
429,0bb40c,"Tue, 28 Jan 2020 00:00:00 GMT"
25,9.48E+06,"Sun, 01 Mar 2020 00:00:00 GMT"
218,858347,"Mon, 27 Jan 2020 00:00:00 GMT"
434,49cb32,"Tue, 18 Feb 2020 00:00:00 GMT"
49,ed7099,"Sat, 08 Feb 2020 00:00:00 GMT"
211,28e7cd,"Sun, 26 Jan 2020 00:00:00 GMT"
449,ac418c,"Sat, 18 Jan 2020 00:00:00 GMT"
64,2c8c4a,"Thu, 06 Feb 2020 00:00:00 GMT"
55,69885d,"Sun, 23 Feb 2020 00:00:00 GMT"
184,2a6e53,"Wed, 19 Feb 2020 00:00:00 GMT"
477,995168,"Wed, 08 Apr 2020 00:00:00 GMT"
273,3c4d72,"Tue, 28 Jan 2020 00:00:00 GMT"
394,130c99,"Wed, 29 Jan 2020 00:00:00 GMT"
272,9373f5,"Mon, 27 Jan 2020 00:00:00 GMT"
190,7b65d9,"Wed, 29 Jan 2020 00:00:00 GMT"
278,814bee,"Tue, 25 Feb 2020 00:00:00 GMT"
406,1fa9dc,"Mon, 10 Feb 2020 00:00:00 GMT"
22,57ae47,"Thu, 19 Mar 2020 00:00:00 GMT"
156,1b7f3c,"Mon, 24 Feb 2020 00:00:00 GMT"
417,ec9ed1,"Wed, 11 Mar 2020 00:00:00 GMT"
282,e15cde,"Fri, 20 Mar 2020 00:00:00 GMT"
390,467446,"Mon, 23 Mar 2020 00:00:00 GMT"
173,32b30d,"Sat, 25 Jan 2020 00:00:00 GMT"
261,822069,"Fri, 03 Apr 2020 00:00:00 GMT"
42,56d55b,"Tue, 07 Apr 2020 00:00:00 GMT"
189,6008f3,"Tue, 10 Mar 2020 00:00:00 GMT"
257,114144,"Wed, 18 Mar 2020 00:00:00 GMT"
125,1194cc,"Sun, 02 Feb 2020 00:00:00 GMT"
113,728449,"Sun, 03 May 2020 00:00:00 GMT"
440,8f4a6d,"Wed, 08 Apr 2020 00:00:00 GMT"
187,a96445,"Sun, 26 Jan 2020 00:00:00 GMT"
57,4330a5,"Mon, 27 Jan 2020 00:00:00 GMT"
19,31ed15,"Mon, 09 Mar 2020 00:00:00 GMT"
160,e56007,"Wed, 19 Feb 2020 00:00:00 GMT"
331,384ea6,"Mon, 24 Feb 2020 00:00:00 GMT"
307,4dda01,"Wed, 08 Apr 2020 00:00:00 GMT"
91,6ec64a,"Tue, 04 Feb 2020 00:00:00 GMT"
54,2f3541,"Mon, 02 Mar 2020 00:00:00 GMT"
29,d0ab67,"Sun, 09 Feb 2020 00:00:00 GMT"
96,8f1274,"Sat, 22 Feb 2020 00:00:00 GMT"
466,25c0ae,"Thu, 09 Apr 2020 00:00:00 GMT"
10,7dbef1,"Fri, 24 Jan 2020 00:00:00 GMT"
107,a6aa7d,"Thu, 05 Mar 2020 00:00:00 GMT"
86,eddbd6,"Tue, 25 Feb 2020 00:00:00 GMT"
219,236a79,"Wed, 26 Feb 2020 00:00:00 GMT"
175,f7d953,"Mon, 30 Mar 2020 00:00:00 GMT"
231,4ecb83,"Mon, 02 Mar 2020 00:00:00 GMT"
66,7d03cf,"Tue, 10 Mar 2020 00:00:00 GMT"
340,e974ed,"Tue, 10 Mar 2020 00:00:00 GMT"
13,c39c27,"Sat, 29 Feb 2020 00:00:00 GMT"
2,d518ea,"Sat, 01 Feb 2020 00:00:00 GMT"
368,c62e72,"Thu, 20 Feb 2020 00:00:00 GMT"
246,ade5b6,"Tue, 03 Mar 2020 00:00:00 GMT"
166,78ce0d,"Tue, 28 Apr 2020 00:00:00 GMT"
344,a3dced,"Sun, 15 Mar 2020 00:00:00 GMT"
410,4e36aa,"Sun, 05 Apr 2020 00:00:00 GMT"
152,41004f,"Fri, 10 Apr 2020 00:00:00 GMT"
381,ffdd7e,"Fri, 28 Feb 2020 00:00:00 GMT"
359,91c1e4,"Wed, 01 Apr 2020 00:00:00 GMT"
217,f06f29,"Mon, 17 Feb 2020 00:00:00 GMT"
186,f57804,"Tue, 28 Apr 2020 00:00:00 GMT"
182,caf192,"Fri, 24 Jan 2020 00:00:00 GMT"
145,cbcee5,"Sun, 01 Mar 2020 00:00:00 GMT"
27,51f73c,"Thu, 27 Feb 2020 00:00:00 GMT"
143,8348c8,"Sun, 09 Feb 2020 00:00:00 GMT"
228,a4556b,"Sun, 23 Feb 2020 00:00:00 GMT"
485,40d12c,"Tue, 10 Mar 2020 00:00:00 GMT"
304,794dee,"Wed, 12 Feb 2020 00:00:00 GMT"
52,48c70d,"Wed, 26 Feb 2020 00:00:00 GMT"
438,888aa1,"Sun, 09 Feb 2020 00:00:00 GMT"
378,9540ee,"Sat, 08 Feb 2020 00:00:00 GMT"
84,bf0b5d,"Sat, 04 Apr 2020 00:00:00 GMT"
170,d7acda,"Mon, 30 Mar 2020 00:00:00 GMT"
192,43d4f4,"Mon, 16 Mar 2020 00:00:00 GMT"
276,42f483,"Sat, 04 Apr 2020 00:00:00 GMT"
101,aab89e,"Thu, 16 Apr 2020 00:00:00 GMT"
473,f7f0f8,"Mon, 09 Mar 2020 00:00:00 GMT"
320,6f4b9e,"Mon, 23 Mar 2020 00:00:00 GMT"
115,57d867,"Thu, 12 Mar 2020 00:00:00 GMT"
415,f6325a,"Fri, 21 Feb 2020 00:00:00 GMT"
97,50234d,"Mon, 10 Feb 2020 00:00:00 GMT"
108,742286,"Thu, 13 Feb 2020 00:00:00 GMT"
408,770e1c,"Sat, 14 Mar 2020 00:00:00 GMT"
329,b2969b,"Sat, 07 Mar 2020 00:00:00 GMT"
44,7bae4d,"Sun, 09 Feb 2020 00:00:00 GMT"
11,220095,"Tue, 18 Feb 2020 00:00:00 GMT"
401,a37cbf,"Tue, 14 Jan 2020 00:00:00 GMT"
279,6d5f7c,"Sun, 12 Apr 2020 00:00:00 GMT"
9,ab7746,"Sun, 01 Mar 2020 00:00:00 GMT"
419,e16ce1,"Sun, 29 Mar 2020 00:00:00 GMT"
85,296d07,"Thu, 20 Feb 2020 00:00:00 GMT"
95,afad54,"Sat, 15 Feb 2020 00:00:00 GMT"
302,341488,"Thu, 13 Feb 2020 00:00:00 GMT"
172,3d2d54,"Thu, 27 Feb 2020 00:00:00 GMT"
409,23f3f8,"Mon, 06 Apr 2020 00:00:00 GMT"
30,6d240b,"Sun, 09 Feb 2020 00:00:00 GMT"
3,a666ef,"Wed, 08 Apr 2020 00:00:00 GMT"
388,36be44,"Fri, 21 Feb 2020 00:00:00 GMT"
165,335c55,"Mon, 16 Mar 2020 00:00:00 GMT"
56,1.60E+82,"Mon, 13 Apr 2020 00:00:00 GMT"
138,11bfeb,"Tue, 28 Jan 2020 00:00:00 GMT"
34,fc630a,"Mon, 13 Apr 2020 00:00:00 GMT"
418,3cc483,"Wed, 29 Jan 2020 00:00:00 GMT"
205,12715b,"Thu, 09 Jan 2020 00:00:00 GMT"
67,a7af4a,"Wed, 18 Mar 2020 00:00:00 GMT"
325,bf54d8,"Wed, 05 Feb 2020 00:00:00 GMT"
90,dce764,"Fri, 28 Feb 2020 00:00:00 GMT"
443,6bd6ba,"Tue, 03 Mar 2020 00:00:00 GMT"
387,e5cc5f,"Mon, 10 Feb 2020 00:00:00 GMT"
484,ec8b4e,"Wed, 19 Feb 2020 00:00:00 GMT"
39,a9e0c3,"Sun, 02 Feb 2020 00:00:00 GMT"
471,370b14,"Sun, 23 Feb 2020 00:00:00 GMT"
393,1b6d74,"Tue, 21 Apr 2020 00:00:00 GMT"
287,d4cd40,"Thu, 06 Feb 2020 00:00:00 GMT"
312,135ac5,"Sun, 19 Jan 2020 00:00:00 GMT"
498,13d2c9,"Fri, 24 Jan 2020 00:00:00 GMT"
277,8e317e,"Mon, 03 Feb 2020 00:00:00 GMT"
494,b34a08,"Fri, 13 Mar 2020 00:00:00 GMT"
300,474d39,"Mon, 30 Mar 2020 00:00:00 GMT"
284,a2ee85,"Sun, 29 Mar 2020 00:00:00 GMT"
126,8be687,"Sat, 18 Jan 2020 00:00:00 GMT"
194,01e0a8,"Sun, 15 Mar 2020 00:00:00 GMT"
360,ca5acb,"Sun, 22 Mar 2020 00:00:00 GMT"
463,5cf21f,"Mon, 10 Feb 2020 00:00:00 GMT"
99,23ecdb,"Tue, 31 Mar 2020 00:00:00 GMT"
41,b60112,"Mon, 24 Feb 2020 00:00:00 GMT"
439,64e2c8,"Tue, 31 Mar 2020 00:00:00 GMT"
206,a5162a,"Tue, 07 Jan 2020 00:00:00 GMT"
224,38eaa0,"Sun, 09 Feb 2020 00:00:00 GMT"
318,99c849,"Thu, 05 Mar 2020 00:00:00 GMT"
247,2ebe6a,"Wed, 04 Mar 2020 00:00:00 GMT"
136,12359b,"Sun, 19 Jan 2020 00:00:00 GMT"
442,ce3a75,"Tue, 28 Jan 2020 00:00:00 GMT"
354,f9ec4a,"Wed, 15 Apr 2020 00:00:00 GMT"
139,1a9a2a,"Sat, 14 Mar 2020 00:00:00 GMT"
12,9c38c8,"Tue, 31 Mar 2020 00:00:00 GMT"
293,235b61,"Fri, 10 Jan 2020 00:00:00 GMT"
495,0774fb,"Thu, 13 Feb 2020 00:00:00 GMT"
154,8bde00,"Fri, 06 Mar 2020 00:00:00 GMT"
234,501406,"Sun, 12 Apr 2020 00:00:00 GMT"
474,16920d,"Mon, 02 Mar 2020 00:00:00 GMT"
33,7b0525,"Fri, 13 Mar 2020 00:00:00 GMT"
422,8bba89,"Sun, 15 Mar 2020 00:00:00 GMT"
380,74f56f,"Sun, 16 Feb 2020 00:00:00 GMT"
215,863329,"Sun, 26 Jan 2020 00:00:00 GMT"
384,ae2a28,"Thu, 30 Jan 2020 00:00:00 GMT"
116,2113aa,"Thu, 05 Mar 2020 00:00:00 GMT"
386,595fd2,"Fri, 28 Feb 2020 00:00:00 GMT"
431,cdecf8,"Sun, 26 Jan 2020 00:00:00 GMT"
426,cf70f0,"Sun, 23 Feb 2020 00:00:00 GMT"
364,a7dc45,"Mon, 06 Jan 2020 00:00:00 GMT"
169,c796bd,"Mon, 10 Feb 2020 00:00:00 GMT"
436,2986f6,"Tue, 28 Jan 2020 00:00:00 GMT"
180,322fd1,"Fri, 28 Feb 2020 00:00:00 GMT"
236,3f0641,"Sat, 21 Mar 2020 00:00:00 GMT"
197,16fcc5,"Sun, 16 Feb 2020 00:00:00 GMT"
135,dbe2d6,"Mon, 24 Feb 2020 00:00:00 GMT"
493,9394d9,"Fri, 28 Feb 2020 00:00:00 GMT"
454,8ea6b2,"Thu, 20 Feb 2020 00:00:00 GMT"
149,f31bfd,"Sat, 14 Mar 2020 00:00:00 GMT"
311,957b3a,"Fri, 13 Mar 2020 00:00:00 GMT"
88,cca605,"Thu, 06 Feb 2020 00:00:00 GMT"
420,1d97a9,"Sun, 23 Feb 2020 00:00:00 GMT"
188,2e33e0,"Fri, 20 Mar 2020 00:00:00 GMT"
240,7c3d5f,"Tue, 18 Feb 2020 00:00:00 GMT"
196,c021a4,"Mon, 06 Apr 2020 00:00:00 GMT"
226,4978b8,"Wed, 12 Feb 2020 00:00:00 GMT"
210,ed7347,"Sat, 11 Apr 2020 00:00:00 GMT"
48,9f0ac7,"Wed, 11 Mar 2020 00:00:00 GMT"
81,611d42,"Sat, 04 Apr 2020 00:00:00 GMT"
244,48c2af,"Wed, 04 Mar 2020 00:00:00 GMT"
468,fde9a4,"Fri, 13 Mar 2020 00:00:00 GMT"
251,d5dc8b,"Fri, 28 Feb 2020 00:00:00 GMT"
204,76bb9c,"Mon, 17 Feb 2020 00:00:00 GMT"
5,6e3db3,"Wed, 26 Feb 2020 00:00:00 GMT"
427,2e3090,"Sat, 07 Mar 2020 00:00:00 GMT"
179,d7a98e,"Sun, 15 Mar 2020 00:00:00 GMT"
297,44162,"Thu, 12 Mar 2020 00:00:00 GMT"
361,f9d4e3,"Tue, 11 Feb 2020 00:00:00 GMT"
105,326508,"Sun, 01 Mar 2020 00:00:00 GMT"
472,28060c,"Wed, 25 Mar 2020 00:00:00 GMT"
444,433d04,"Wed, 05 Feb 2020 00:00:00 GMT"
233,0b87cb,"Fri, 24 Jan 2020 00:00:00 GMT"
343,5eb280,"Sun, 08 Mar 2020 00:00:00 GMT"
31,67c175,"Fri, 13 Mar 2020 00:00:00 GMT"
467,0ce3b0,"Wed, 04 Mar 2020 00:00:00 GMT"
253,5b68b6,"Sat, 14 Mar 2020 00:00:00 GMT"
14,56ed52,"Tue, 25 Feb 2020 00:00:00 GMT"
497,5bcb93,"Fri, 06 Mar 2020 00:00:00 GMT"
109,c5dd1d,"Sun, 16 Feb 2020 00:00:00 GMT"
155,86b02d,"Sat, 01 Feb 2020 00:00:00 GMT"
133,6046eb,"Thu, 06 Feb 2020 00:00:00 GMT"
199,42d377,"Tue, 03 Mar 2020 00:00:00 GMT"
369,cdec43,"Sun, 15 Mar 2020 00:00:00 GMT"
441,543a2f,"Sun, 19 Apr 2020 00:00:00 GMT"
339,e389ce,"Fri, 13 Mar 2020 00:00:00 GMT"
243,ef7e71,"Fri, 13 Mar 2020 00:00:00 GMT"
383,a74f6f,"Mon, 02 Mar 2020 00:00:00 GMT"
254,338349,"Tue, 24 Mar 2020 00:00:00 GMT"
377,91f222,"Mon, 02 Mar 2020 00:00:00 GMT"
78,ee12cf,"Wed, 29 Jan 2020 00:00:00 GMT"
159,84d725,"Fri, 31 Jan 2020 00:00:00 GMT"
250,e556f6,"Mon, 02 Mar 2020 00:00:00 GMT"
319,1b7be6,"Fri, 21 Feb 2020 00:00:00 GMT"
129,03bdcb,"Fri, 21 Feb 2020 00:00:00 GMT"
8,e8086a,"Tue, 24 Mar 2020 00:00:00 GMT"
455,218077,"Fri, 07 Feb 2020 00:00:00 GMT"
267,65fe83,"Sat, 29 Feb 2020 00:00:00 GMT"
68,a9d3f0,"Thu, 13 Feb 2020 00:00:00 GMT"
448,cc50ed,"Tue, 10 Mar 2020 00:00:00 GMT"
80,72fc3d,"Sun, 01 Mar 2020 00:00:00 GMT"
396,c6e79b,"Mon, 30 Mar 2020 00:00:00 GMT"
162,0e9f84,"Fri, 21 Feb 2020 00:00:00 GMT"
322,700fe9,"Fri, 10 Apr 2020 00:00:00 GMT"
323,71ee47,"Mon, 03 Feb 2020 00:00:00 GMT"
337,1c8905,"Tue, 03 Mar 2020 00:00:00 GMT"
60,d8fe2e,"Fri, 07 Feb 2020 00:00:00 GMT"
289,6ed910,"Mon, 20 Jan 2020 00:00:00 GMT"
124,593a35,"Mon, 06 Jan 2020 00:00:00 GMT"
98,06cc3f,"Sun, 16 Feb 2020 00:00:00 GMT"
200,2fba33,"Sun, 26 Jan 2020 00:00:00 GMT"
412,dbdd1d,"Wed, 04 Mar 2020 00:00:00 GMT"
79,3bb75e,"Sun, 08 Mar 2020 00:00:00 GMT"
232,5ea2a4,"Mon, 10 Feb 2020 00:00:00 GMT"
77,2f98e5,"Wed, 18 Mar 2020 00:00:00 GMT"
37,022f5f,"Sun, 22 Mar 2020 00:00:00 GMT"
353,689ed8,"Mon, 16 Mar 2020 00:00:00 GMT"
225,7f2acc,"Sat, 14 Mar 2020 00:00:00 GMT"
63,7c1a63,"Fri, 21 Feb 2020 00:00:00 GMT"
395,04df4c,"Thu, 05 Mar 2020 00:00:00 GMT"
216,d0acc5,"Sat, 29 Feb 2020 00:00:00 GMT"
45,6b0d06,"Sun, 15 Mar 2020 00:00:00 GMT"
274,ee8f59,"Fri, 21 Feb 2020 00:00:00 GMT"
223,eae65a,"Sat, 21 Mar 2020 00:00:00 GMT"
221,a31478,"Tue, 31 Mar 2020 00:00:00 GMT"
102,106769,"Thu, 27 Feb 2020 00:00:00 GMT"
460,f57764,"Mon, 09 Mar 2020 00:00:00 GMT"
265,b5e3d2,"Wed, 25 Mar 2020 00:00:00 GMT"
459,57d02a,"Mon, 02 Mar 2020 00:00:00 GMT"
16,349d38,"Mon, 20 Jan 2020 00:00:00 GMT"
207,aa814a,"Sun, 16 Feb 2020 00:00:00 GMT"
62,359c9d,"Tue, 11 Feb 2020 00:00:00 GMT"
123,0cd75e,"Fri, 06 Mar 2020 00:00:00 GMT"
326,44fbee,"Sun, 09 Feb 2020 00:00:00 GMT"
371,9771f7,"Thu, 20 Feb 2020 00:00:00 GMT"
157,6db5d7,"Sun, 22 Mar 2020 00:00:00 GMT"
183,957adc,"Tue, 25 Feb 2020 00:00:00 GMT"
100,46183a,"Mon, 03 Feb 2020 00:00:00 GMT"
150,fea51b,"Wed, 25 Mar 2020 00:00:00 GMT"
140,33bcb0,"Fri, 21 Feb 2020 00:00:00 GMT"
248,5fa6e2,"Wed, 12 Feb 2020 00:00:00 GMT"
137,db423e,"Fri, 28 Feb 2020 00:00:00 GMT"
208,b58db0,"Fri, 21 Feb 2020 00:00:00 GMT"
392,6ae143,"Sun, 02 Feb 2020 00:00:00 GMT"
25,0a0306,"Fri, 27 Mar 2020 00:00:00 GMT"
141,a636a4,"Thu, 27 Feb 2020 00:00:00 GMT"
94,d65932,"Mon, 24 Feb 2020 00:00:00 GMT"
218,3e9d84,"Sun, 02 Feb 2020 00:00:00 GMT"
434,97b83a,"Thu, 20 Feb 2020 00:00:00 GMT"
465,34cfdf,"Sun, 26 Jan 2020 00:00:00 GMT"
64,3ea186,"Sun, 23 Feb 2020 00:00:00 GMT"
55,a8e347,"Thu, 27 Feb 2020 00:00:00 GMT"
148,967c5f,"Tue, 18 Feb 2020 00:00:00 GMT"
394,7c63c2,"Thu, 30 Jan 2020 00:00:00 GMT"
70,b7019a,"Tue, 21 Jan 2020 00:00:00 GMT"
190,88673a,"Sat, 08 Feb 2020 00:00:00 GMT"
350,be83ce,"Fri, 13 Mar 2020 00:00:00 GMT"
406,3e84f6,"Sun, 23 Feb 2020 00:00:00 GMT"
176,7ca184,"Fri, 10 Jan 2020 00:00:00 GMT"
292,925864,"Fri, 13 Mar 2020 00:00:00 GMT"
475,9d3949,"Sun, 09 Feb 2020 00:00:00 GMT"
269,f9fdc4,"Wed, 26 Feb 2020 00:00:00 GMT"
261,1b5296,"Wed, 29 Apr 2020 00:00:00 GMT"
189,1dce93,"Wed, 25 Mar 2020 00:00:00 GMT"
257,ce318a,"Thu, 19 Mar 2020 00:00:00 GMT"
125,83fffe,"Tue, 25 Feb 2020 00:00:00 GMT"
40,831039,"Thu, 13 Feb 2020 00:00:00 GMT"
43,d643d2,"Wed, 18 Mar 2020 00:00:00 GMT"
120,58abb7,"Wed, 11 Mar 2020 00:00:00 GMT"
440,7ba91a,"Sat, 11 Apr 2020 00:00:00 GMT"
187,0e7a8c,"Sun, 02 Feb 2020 00:00:00 GMT"
357,1cd3ca,"Wed, 25 Mar 2020 00:00:00 GMT"
242,4a10ad,"Fri, 28 Feb 2020 00:00:00 GMT"
366,8d0ac0,"Wed, 22 Jan 2020 00:00:00 GMT"
54,45f8bf,"Tue, 10 Mar 2020 00:00:00 GMT"
29,45d4f7,"Sun, 16 Feb 2020 00:00:00 GMT"
4,63ce39,"Thu, 19 Mar 2020 00:00:00 GMT"
466,545a35,"Sun, 12 Apr 2020 00:00:00 GMT"
10,36dbe2,"Mon, 27 Jan 2020 00:00:00 GMT"
35,a8a7ad,"Wed, 04 Mar 2020 00:00:00 GMT"
446,86dcf2,"Tue, 11 Feb 2020 00:00:00 GMT"
220,4a978a,"Sat, 22 Feb 2020 00:00:00 GMT"
86,d8eb77,"Wed, 25 Mar 2020 00:00:00 GMT"
219,64759a,"Tue, 10 Mar 2020 00:00:00 GMT"
241,a5dabc,"Sat, 11 Apr 2020 00:00:00 GMT"
175,0ef281,"Sun, 12 Apr 2020 00:00:00 GMT"
285,795b32,"Tue, 11 Feb 2020 00:00:00 GMT"
231,a76482,"Thu, 12 Mar 2020 00:00:00 GMT"
340,9aadc2,"Sun, 15 Mar 2020 00:00:00 GMT"
2,3a9029,"Sun, 16 Feb 2020 00:00:00 GMT"
75,f9a579,"Wed, 26 Feb 2020 00:00:00 GMT"
128,3ebe9b,"Thu, 19 Mar 2020 00:00:00 GMT"
410,4febb7,"Fri, 24 Apr 2020 00:00:00 GMT"
152,17b25b,"Fri, 24 Apr 2020 00:00:00 GMT"
355,8c6d48,"Mon, 10 Feb 2020 00:00:00 GMT"
38,213cf6,"Wed, 05 Feb 2020 00:00:00 GMT"
217,4c9d72,"Thu, 12 Mar 2020 00:00:00 GMT"
182,3b5797,"Sat, 08 Feb 2020 00:00:00 GMT"
110,ffebf1,"Wed, 25 Mar 2020 00:00:00 GMT"
145,44fcb0,"Tue, 24 Mar 2020 00:00:00 GMT"
228,ad1db4,"Mon, 24 Feb 2020 00:00:00 GMT"
485,7e5595,"Tue, 07 Apr 2020 00:00:00 GMT"
294,dc62d6,"Thu, 05 Mar 2020 00:00:00 GMT"
304,ba9a58,"Wed, 19 Feb 2020 00:00:00 GMT"
52,d50c17,"Fri, 28 Feb 2020 00:00:00 GMT"
438,866d49,"Tue, 25 Feb 2020 00:00:00 GMT"
382,b9a0f7,"Fri, 21 Feb 2020 00:00:00 GMT"
378,85e66c,"Sun, 08 Mar 2020 00:00:00 GMT"
405,f4eabe,"Sun, 02 Feb 2020 00:00:00 GMT"
170,597f2d,"Thu, 23 Apr 2020 00:00:00 GMT"
192,3e9229,"Tue, 24 Mar 2020 00:00:00 GMT"
276,260448,"Wed, 15 Apr 2020 00:00:00 GMT"
101,85a869,"Tue, 28 Apr 2020 00:00:00 GMT"
473,2627f7,"Tue, 24 Mar 2020 00:00:00 GMT"
69,0cefde,"Sun, 16 Feb 2020 00:00:00 GMT"
320,f1d981,"Thu, 02 Apr 2020 00:00:00 GMT"
375,23ca32,"Sun, 16 Feb 2020 00:00:00 GMT"
115,800a20,"Wed, 25 Mar 2020 00:00:00 GMT"
415,535cc0,"Wed, 04 Mar 2020 00:00:00 GMT"
97,812e1b,"Fri, 14 Feb 2020 00:00:00 GMT"
108,d7d12e,"Sat, 22 Feb 2020 00:00:00 GMT"
59,52c8ed,"Sun, 09 Feb 2020 00:00:00 GMT"
44,f757dc,"Sat, 22 Feb 2020 00:00:00 GMT"
279,47c697,"Mon, 20 Apr 2020 00:00:00 GMT"
214,5e526c,"Wed, 11 Mar 2020 00:00:00 GMT"
9,aa4314,"Sun, 15 Mar 2020 00:00:00 GMT"
457,bbdac6,"Sat, 07 Mar 2020 00:00:00 GMT"
85,c8d024,"Wed, 26 Feb 2020 00:00:00 GMT"
281,a05109,"Fri, 28 Feb 2020 00:00:00 GMT"
302,ca844e,"Fri, 28 Feb 2020 00:00:00 GMT"
30,39b405,"Sun, 16 Feb 2020 00:00:00 GMT"
288,e35f23,"Mon, 27 Jan 2020 00:00:00 GMT"
21,a16550,"Wed, 18 Mar 2020 00:00:00 GMT"
3,c69b7b,"Wed, 29 Apr 2020 00:00:00 GMT"
165,ce3d64,"Wed, 01 Apr 2020 00:00:00 GMT"
56,54e5cc,"Sun, 03 May 2020 00:00:00 GMT"
151,c0c44e,"Sat, 22 Feb 2020 00:00:00 GMT"
296,ecfc8f,"Wed, 18 Mar 2020 00:00:00 GMT"
74,643cca,"Thu, 27 Feb 2020 00:00:00 GMT"
34,57e5d6,"Mon, 04 May 2020 00:00:00 GMT"
418,c3f9df,"Thu, 13 Feb 2020 00:00:00 GMT"
245,6f9d5d,"Thu, 30 Jan 2020 00:00:00 GMT"
67,4a95e1,"Tue, 14 Apr 2020 00:00:00 GMT"
325,6ba042,"Fri, 21 Feb 2020 00:00:00 GMT"
90,f855d1,"Mon, 09 Mar 2020 00:00:00 GMT"
443,9b63ef,"Sat, 07 Mar 2020 00:00:00 GMT"
387,cd5e23,"Mon, 09 Mar 2020 00:00:00 GMT"
334,83c90d,"Sun, 02 Feb 2020 00:00:00 GMT"
144,978360,"Fri, 06 Mar 2020 00:00:00 GMT"
39,b42dea,"Sat, 29 Feb 2020 00:00:00 GMT"
393,73b2a6,"Mon, 27 Apr 2020 00:00:00 GMT"
287,79bea2,"Thu, 20 Feb 2020 00:00:00 GMT"
464,d5d96d,"Mon, 17 Feb 2020 00:00:00 GMT"
312,bd7e5e,"Fri, 14 Feb 2020 00:00:00 GMT"
167,4351a6,"Mon, 24 Feb 2020 00:00:00 GMT"
498,ada34c,"Thu, 06 Feb 2020 00:00:00 GMT"
494,4c0e26,"Wed, 18 Mar 2020 00:00:00 GMT"
300,cb41cf,"Sun, 12 Apr 2020 00:00:00 GMT"
118,110cfc,"Wed, 12 Feb 2020 00:00:00 GMT"
194,f78dc6,"Mon, 23 Mar 2020 00:00:00 GMT"
374,aee327,"Mon, 23 Mar 2020 00:00:00 GMT"
41,b98d87,"Wed, 11 Mar 2020 00:00:00 GMT"
439,6c8311,"Sat, 11 Apr 2020 00:00:00 GMT"
206,8dfcc4,"Wed, 05 Feb 2020 00:00:00 GMT"
53,540486,"Sun, 01 Mar 2020 00:00:00 GMT"
32,ba790a,"Wed, 19 Feb 2020 00:00:00 GMT"
318,2e1e29,"Tue, 10 Mar 2020 00:00:00 GMT"
275,66efeb,"Mon, 09 Mar 2020 00:00:00 GMT"
247,3a8d9f,"Mon, 30 Mar 2020 00:00:00 GMT"
260,3d83d3,"Mon, 02 Mar 2020 00:00:00 GMT"
423,efbd1e,"Fri, 10 Apr 2020 00:00:00 GMT"
139,c1157e,"Sun, 15 Mar 2020 00:00:00 GMT"
12,648115,"Mon, 27 Apr 2020 00:00:00 GMT"
479,664816,"Thu, 16 Apr 2020 00:00:00 GMT"
411,f488f9,"Thu, 27 Feb 2020 00:00:00 GMT"
425,952e3d,"Sat, 28 Mar 2020 00:00:00 GMT"
495,eef00f,"Thu, 05 Mar 2020 00:00:00 GMT"
234,64114d,"Sat, 25 Apr 2020 00:00:00 GMT"
316,8c2ea6,"Wed, 05 Feb 2020 00:00:00 GMT"
403,9ab09e,"Mon, 03 Feb 2020 00:00:00 GMT"
33,16c732,"Sat, 28 Mar 2020 00:00:00 GMT"
422,bf6d28,"Sun, 22 Mar 2020 00:00:00 GMT"
264,3cfd39,"Sun, 08 Mar 2020 00:00:00 GMT"
185,7a215b,"Thu, 20 Feb 2020 00:00:00 GMT"
380,45ba1f,"Mon, 02 Mar 2020 00:00:00 GMT"
215,827828,"Wed, 05 Feb 2020 00:00:00 GMT"
270,097ef0,"Sun, 01 Mar 2020 00:00:00 GMT"
23,36e2d2,"Fri, 14 Feb 2020 00:00:00 GMT"
486,12d9ac,"Thu, 26 Mar 2020 00:00:00 GMT"
351,c812a8,"Mon, 02 Mar 2020 00:00:00 GMT"
116,9072b5,"Tue, 17 Mar 2020 00:00:00 GMT"
314,3b46d1,"Mon, 24 Feb 2020 00:00:00 GMT"
386,5ec8bc,"Fri, 06 Mar 2020 00:00:00 GMT"
431,ef973c,"Sat, 22 Feb 2020 00:00:00 GMT"
426,9a881a,"Sat, 14 Mar 2020 00:00:00 GMT"
433,8e3c60,"Thu, 12 Mar 2020 00:00:00 GMT"
462,db1906,"Thu, 26 Mar 2020 00:00:00 GMT"
345,1d81a0,"Sat, 25 Jan 2020 00:00:00 GMT"
436,6baaac,"Wed, 19 Feb 2020 00:00:00 GMT"
180,27beba,"Tue, 10 Mar 2020 00:00:00 GMT"
263,0f5c54,"Tue, 21 Apr 2020 00:00:00 GMT"
197,44b73b,"Tue, 18 Feb 2020 00:00:00 GMT"
135,d4cbe4,"Sun, 01 Mar 2020 00:00:00 GMT"
470,7.05E+90,"Sun, 01 Mar 2020 00:00:00 GMT"
454,341eee,"Sun, 15 Mar 2020 00:00:00 GMT"
227,2b18cf,"Fri, 14 Feb 2020 00:00:00 GMT"
478,818387,"Tue, 24 Mar 2020 00:00:00 GMT"
73,528446,"Wed, 19 Feb 2020 00:00:00 GMT"
103,71261c,"Thu, 20 Feb 2020 00:00:00 GMT"
121,c5f4d3,"Thu, 30 Jan 2020 00:00:00 GMT"
420,78869c,"Tue, 17 Mar 2020 00:00:00 GMT"
188,6.58E+04,"Thu, 09 Apr 2020 00:00:00 GMT"
291,58c5ce,"Sat, 21 Mar 2020 00:00:00 GMT"
48,50fbda,"Thu, 09 Apr 2020 00:00:00 GMT"
298,c2b6fb,"Thu, 13 Feb 2020 00:00:00 GMT"
81,a6c3e9,"Mon, 20 Apr 2020 00:00:00 GMT"
61,31ef81,"Thu, 05 Mar 2020 00:00:00 GMT"
244,12010e,"Fri, 13 Mar 2020 00:00:00 GMT"
251,27ca09,"Fri, 27 Mar 2020 00:00:00 GMT"
204,eb28c1,"Thu, 12 Mar 2020 00:00:00 GMT"
171,ad0e0b,"Thu, 30 Jan 2020 00:00:00 GMT"
456,2ca105,"Fri, 21 Feb 2020 00:00:00 GMT"
397,ccafa4,"Sat, 28 Mar 2020 00:00:00 GMT"
179,c6af6f,"Sun, 12 Apr 2020 00:00:00 GMT"
297,6699f5,"Fri, 27 Mar 2020 00:00:00 GMT"
321,11fb62,"Mon, 23 Mar 2020 00:00:00 GMT"
303,29ba4a,"Thu, 20 Feb 2020 00:00:00 GMT"
472,b9b37b,"Wed, 15 Apr 2020 00:00:00 GMT"
444,7f2a9f,"Mon, 10 Feb 2020 00:00:00 GMT"
93,5fb432,"Fri, 07 Feb 2020 00:00:00 GMT"
252,627b73,"Fri, 21 Feb 2020 00:00:00 GMT"
31,f381a3,"Mon, 06 Apr 2020 00:00:00 GMT"
253,41f96b,"Mon, 30 Mar 2020 00:00:00 GMT"
497,7ed3c4,"Tue, 17 Mar 2020 00:00:00 GMT"
109,1c1827,"Sun, 08 Mar 2020 00:00:00 GMT"
155,29ed17,"Fri, 07 Feb 2020 00:00:00 GMT"
133,81823,"Mon, 02 Mar 2020 00:00:00 GMT"
416,eb6dce,"Fri, 10 Apr 2020 00:00:00 GMT"
199,30cf50,"Wed, 18 Mar 2020 00:00:00 GMT"
369,3e976d,"Wed, 18 Mar 2020 00:00:00 GMT"
383,ffe4fa,"Wed, 11 Mar 2020 00:00:00 GMT"
230,045eae,"Fri, 24 Jan 2020 00:00:00 GMT"
7,3db901,"Fri, 10 Apr 2020 00:00:00 GMT"
78,02ab48,"Mon, 10 Feb 2020 00:00:00 GMT"
432,bf9484,"Mon, 24 Feb 2020 00:00:00 GMT"
20,1fef92,"Sat, 07 Mar 2020 00:00:00 GMT"
1,14de71,"Wed, 25 Mar 2020 00:00:00 GMT"
106,9d952a,"Mon, 30 Mar 2020 00:00:00 GMT"
346,a83fe6,"Sun, 19 Jan 2020 00:00:00 GMT"
71,dc259d,"Wed, 12 Feb 2020 00:00:00 GMT"
448,1893d2,"Sat, 21 Mar 2020 00:00:00 GMT"
146,2bae8b,"Thu, 16 Jan 2020 00:00:00 GMT"
80,faf340,"Mon, 02 Mar 2020 00:00:00 GMT"
396,72483e,"Tue, 31 Mar 2020 00:00:00 GMT"
162,19287,"Wed, 26 Feb 2020 00:00:00 GMT"
132,203332,"Tue, 03 Mar 2020 00:00:00 GMT"
322,aab11a,"Sun, 03 May 2020 00:00:00 GMT"
389,eb2e77,"Sat, 11 Jan 2020 00:00:00 GMT"
330,bc0725,"Sat, 01 Feb 2020 00:00:00 GMT"
237,5df013,"Sat, 21 Mar 2020 00:00:00 GMT"
451,775d62,"Wed, 19 Feb 2020 00:00:00 GMT"
262,70d128,"Mon, 03 Feb 2020 00:00:00 GMT"
323,90ea04,"Tue, 18 Feb 2020 00:00:00 GMT"
348,b4ca8e,"Mon, 13 Apr 2020 00:00:00 GMT"
337,37d83e,"Fri, 27 Mar 2020 00:00:00 GMT"
114,80c7fe,"Tue, 03 Mar 2020 00:00:00 GMT"
399,6fa64e,"Thu, 20 Feb 2020 00:00:00 GMT"
112,8fcbe4,"Sat, 15 Feb 2020 00:00:00 GMT"
65,c41c99,"Wed, 19 Feb 2020 00:00:00 GMT"
124,755606,"Fri, 17 Jan 2020 00:00:00 GMT"
98,64a2cd,"Wed, 11 Mar 2020 00:00:00 GMT"
480,43ab26,"Wed, 18 Mar 2020 00:00:00 GMT"
26,ada1f4,"Wed, 04 Mar 2020 00:00:00 GMT"
72,981210,"Tue, 11 Feb 2020 00:00:00 GMT"
232,d653c0,"Wed, 12 Feb 2020 00:00:00 GMT"
28,25ffae,"Fri, 03 Apr 2020 00:00:00 GMT"
353,b482a7,"Thu, 19 Mar 2020 00:00:00 GMT"
489,c72047,"Thu, 20 Feb 2020 00:00:00 GMT"
225,af9a20,"Sat, 21 Mar 2020 00:00:00 GMT"
83,c3fe7f,"Thu, 05 Mar 2020 00:00:00 GMT"
395,84a76b,"Sat, 07 Mar 2020 00:00:00 GMT"
216,2ecd95,"Mon, 02 Mar 2020 00:00:00 GMT"
45,5e7177,"Fri, 03 Apr 2020 00:00:00 GMT"
295,1fd98f,"Wed, 08 Apr 2020 00:00:00 GMT"
213,e24f82,"Fri, 14 Feb 2020 00:00:00 GMT"
274,98fea4,"Wed, 18 Mar 2020 00:00:00 GMT"
223,534f9b,"Thu, 09 Apr 2020 00:00:00 GMT"
352,29c7fc,"Sun, 26 Jan 2020 00:00:00 GMT"
362,97e9e9,"Sat, 22 Feb 2020 00:00:00 GMT"
221,8bdb06,"Sat, 25 Apr 2020 00:00:00 GMT"
430,c92a6e,"Thu, 12 Mar 2020 00:00:00 GMT"
158,d1769c,"Sat, 15 Feb 2020 00:00:00 GMT"
111,c70dec,"Thu, 09 Apr 2020 00:00:00 GMT"
459,b5f8df,"Fri, 13 Mar 2020 00:00:00 GMT"
16,2a9154,"Sat, 25 Jan 2020 00:00:00 GMT"
207,217325,"Wed, 19 Feb 2020 00:00:00 GMT"
62,181819,"Sat, 29 Feb 2020 00:00:00 GMT"
123,c4341f,"Sat, 21 Mar 2020 00:00:00 GMT"
326,78afce,"Mon, 02 Mar 2020 00:00:00 GMT"
385,b442d8,"Wed, 04 Mar 2020 00:00:00 GMT"
492,158f74,"Sat, 07 Mar 2020 00:00:00 GMT"
157,e24ca5,"Sat, 11 Apr 2020 00:00:00 GMT"
308,0f0071,"Mon, 24 Feb 2020 00:00:00 GMT"
313,caf566,"Wed, 01 Apr 2020 00:00:00 GMT"
208,4d952d,"Mon, 16 Mar 2020 00:00:00 GMT"
392,4b1b90,"Thu, 06 Feb 2020 00:00:00 GMT"
429,6a610b,"Mon, 17 Feb 2020 00:00:00 GMT"
25,82bc98,"Sun, 29 Mar 2020 00:00:00 GMT"
141,3a4b22,"Thu, 26 Mar 2020 00:00:00 GMT"
94,71e764,"Fri, 20 Mar 2020 00:00:00 GMT"
218,501162,"Fri, 14 Feb 2020 00:00:00 GMT"
434,2a532c,"Sun, 23 Feb 2020 00:00:00 GMT"
211,dee29e,"Sat, 15 Feb 2020 00:00:00 GMT"
465,e972ab,"Sun, 09 Feb 2020 00:00:00 GMT"
449,7a53d4,"Fri, 14 Feb 2020 00:00:00 GMT"
87,7de4e2,"Wed, 22 Jan 2020 00:00:00 GMT"
273,06fafc,"Sat, 01 Feb 2020 00:00:00 GMT"
51,e06515,"Thu, 23 Jan 2020 00:00:00 GMT"
272,300cc4,"Mon, 17 Feb 2020 00:00:00 GMT"
70,0fb544,"Wed, 29 Jan 2020 00:00:00 GMT"
190,7861c2,"Wed, 19 Feb 2020 00:00:00 GMT"
350,bc7f8c,"Mon, 23 Mar 2020 00:00:00 GMT"
424,c62387,"Wed, 12 Feb 2020 00:00:00 GMT"
406,26d52f,"Sat, 29 Feb 2020 00:00:00 GMT"
176,bfd1bf,"Tue, 28 Jan 2020 00:00:00 GMT"
22,d47de2,"Thu, 19 Mar 2020 00:00:00 GMT"
156,6f0f86,"Fri, 20 Mar 2020 00:00:00 GMT"
390,97cf1d,"Sat, 18 Apr 2020 00:00:00 GMT"
173,7bfc53,"Fri, 21 Feb 2020 00:00:00 GMT"
261,9f3a01,"Mon, 11 May 2020 00:00:00 GMT"
42,cb11e2,"Tue, 21 Apr 2020 00:00:00 GMT"
189,8f11c3,"Wed, 01 Apr 2020 00:00:00 GMT"
161,182fc4,"Mon, 16 Mar 2020 00:00:00 GMT"
117,5d0d25,"Mon, 24 Feb 2020 00:00:00 GMT"
40,737d37,"Fri, 21 Feb 2020 00:00:00 GMT"
43,730b0a,"Wed, 08 Apr 2020 00:00:00 GMT"
120,cc15a8,"Mon, 06 Apr 2020 00:00:00 GMT"
440,b6aeb3,"Thu, 16 Apr 2020 00:00:00 GMT"
19,10e60b,"Fri, 27 Mar 2020 00:00:00 GMT"
160,0654dd,"Mon, 09 Mar 2020 00:00:00 GMT"
357,d1381a,"Thu, 23 Apr 2020 00:00:00 GMT"
242,c062a6,"Tue, 03 Mar 2020 00:00:00 GMT"
331,d7ab2d,"Thu, 12 Mar 2020 00:00:00 GMT"
266,ff589e,"Wed, 15 Apr 2020 00:00:00 GMT"
315,21c1f3,"Sun, 09 Feb 2020 00:00:00 GMT"
307,2895d2,"Sat, 11 Apr 2020 00:00:00 GMT"
91,725803,"Mon, 24 Feb 2020 00:00:00 GMT"
29,e2fea1,"Sat, 22 Feb 2020 00:00:00 GMT"
181,2d04f6,"Sat, 29 Feb 2020 00:00:00 GMT"
10,a5eabc,"Fri, 21 Feb 2020 00:00:00 GMT"
35,bd3e41,"Sun, 22 Mar 2020 00:00:00 GMT"
107,5725df,"Sun, 22 Mar 2020 00:00:00 GMT"
446,cf0e35,"Tue, 03 Mar 2020 00:00:00 GMT"
86,0b2c22,"Fri, 17 Apr 2020 00:00:00 GMT"
400,bf07c1,"Fri, 20 Mar 2020 00:00:00 GMT"
219,f4c5d6,"Sat, 21 Mar 2020 00:00:00 GMT"
175,19450a,"Tue, 05 May 2020 00:00:00 GMT"
363,13b038,"Thu, 12 Mar 2020 00:00:00 GMT"
50,718f49,"Sun, 15 Mar 2020 00:00:00 GMT"
231,569a46,"Thu, 19 Mar 2020 00:00:00 GMT"
66,f0259d,"Wed, 25 Mar 2020 00:00:00 GMT"
340,a5391b,"Tue, 17 Mar 2020 00:00:00 GMT"
356,d0b56a,"Mon, 03 Feb 2020 00:00:00 GMT"
391,4d02a1,"Tue, 21 Jan 2020 00:00:00 GMT"
487,5667ad,"Sun, 02 Feb 2020 00:00:00 GMT"
368,3b5a90,"Fri, 21 Feb 2020 00:00:00 GMT"
128,bac1e1,"Mon, 30 Mar 2020 00:00:00 GMT"
355,f28438,"Fri, 06 Mar 2020 00:00:00 GMT"
222,3eb392,"Mon, 09 Mar 2020 00:00:00 GMT"
38,6df816,"Fri, 28 Feb 2020 00:00:00 GMT"
164,1e72dc,"Sat, 22 Feb 2020 00:00:00 GMT"
217,642b76,"Wed, 01 Apr 2020 00:00:00 GMT"
177,007c20,"Tue, 07 Apr 2020 00:00:00 GMT"
182,879617,"Sat, 22 Feb 2020 00:00:00 GMT"
110,53f242,"Tue, 07 Apr 2020 00:00:00 GMT"
145,0be779,"Sat, 18 Apr 2020 00:00:00 GMT"
58,70804f,"Sat, 22 Feb 2020 00:00:00 GMT"
228,b0240a,"Wed, 18 Mar 2020 00:00:00 GMT"
481,1312a7,"Sat, 07 Mar 2020 00:00:00 GMT"
52,886f15,"Sun, 01 Mar 2020 00:00:00 GMT"
258,79dcb4,"Thu, 02 Apr 2020 00:00:00 GMT"
378,b2d0ec,"Fri, 03 Apr 2020 00:00:00 GMT"
483,ec9947,"Mon, 03 Feb 2020 00:00:00 GMT"
450,ba275f,"Wed, 26 Feb 2020 00:00:00 GMT"
405,26e8e9,"Sun, 02 Feb 2020 00:00:00 GMT"
84,08494b,"Tue, 28 Apr 2020 00:00:00 GMT"
170,0e2865,"Sat, 09 May 2020 00:00:00 GMT"
192,9a0dce,"Wed, 25 Mar 2020 00:00:00 GMT"
101,97b3d3,"Sun, 17 May 2020 00:00:00 GMT"
379,f1a3d4,"Sat, 15 Feb 2020 00:00:00 GMT"
115,d7df7b,"Tue, 14 Apr 2020 00:00:00 GMT"
415,0ff4aa,"Tue, 17 Mar 2020 00:00:00 GMT"
97,c2ad4f,"Sat, 15 Feb 2020 00:00:00 GMT"
59,64b8ea,"Sat, 22 Feb 2020 00:00:00 GMT"
127,fb9e49,"Sun, 15 Mar 2020 00:00:00 GMT"
329,ab0696,"Thu, 26 Mar 2020 00:00:00 GMT"
44,f719c0,"Sat, 22 Feb 2020 00:00:00 GMT"
11,0af642,"Sun, 23 Feb 2020 00:00:00 GMT"
401,2bc5b5,"Tue, 28 Jan 2020 00:00:00 GMT"
153,8ff55a,"Fri, 06 Mar 2020 00:00:00 GMT"
214,8c3236,"Mon, 16 Mar 2020 00:00:00 GMT"
9,921931,"Thu, 26 Mar 2020 00:00:00 GMT"
85,90090d,"Mon, 02 Mar 2020 00:00:00 GMT"
281,355624,"Thu, 19 Mar 2020 00:00:00 GMT"
95,1a3c5e,"Thu, 20 Feb 2020 00:00:00 GMT"
259,9f76ef,"Fri, 31 Jan 2020 00:00:00 GMT"
302,4a2e0b,"Thu, 12 Mar 2020 00:00:00 GMT"
409,94584e,"Thu, 23 Apr 2020 00:00:00 GMT"
30,9c5130,"Fri, 28 Feb 2020 00:00:00 GMT"
288,dc65c5,"Thu, 13 Feb 2020 00:00:00 GMT"
3,707486,"Thu, 28 May 2020 00:00:00 GMT"
324,ef10ed,"Fri, 28 Feb 2020 00:00:00 GMT"
398,1b8abf,"Sat, 07 Mar 2020 00:00:00 GMT"
56,48f6a4,"Sat, 16 May 2020 00:00:00 GMT"
151,ad1977,"Thu, 05 Mar 2020 00:00:00 GMT"
209,4.21E+93,"Wed, 18 Mar 2020 00:00:00 GMT"
74,631d53,"Sat, 21 Mar 2020 00:00:00 GMT"
138,bc602e,"Tue, 28 Jan 2020 00:00:00 GMT"
245,3fafa4,"Sat, 22 Feb 2020 00:00:00 GMT"
205,cbd612,"Mon, 03 Feb 2020 00:00:00 GMT"
325,aa36be,"Thu, 05 Mar 2020 00:00:00 GMT"
484,057b67,"Fri, 21 Feb 2020 00:00:00 GMT"
144,ed7524,"Thu, 12 Mar 2020 00:00:00 GMT"
39,69a6d0,"Sat, 21 Mar 2020 00:00:00 GMT"
471,82aae1,"Sun, 23 Feb 2020 00:00:00 GMT"
393,ea7f11,"Fri, 08 May 2020 00:00:00 GMT"
287,63bd64,"Sun, 08 Mar 2020 00:00:00 GMT"
277,5ba3b2,"Fri, 21 Feb 2020 00:00:00 GMT"
290,67ea46,"Thu, 12 Mar 2020 00:00:00 GMT"
469,cb82d4,"Tue, 24 Mar 2020 00:00:00 GMT"
300,b6e0ba,"Sun, 03 May 2020 00:00:00 GMT"
284,7710dc,"Thu, 23 Apr 2020 00:00:00 GMT"
342,7c91a0,"Tue, 24 Mar 2020 00:00:00 GMT"
126,916c47,"Sat, 08 Feb 2020 00:00:00 GMT"
99,6db4d5,"Tue, 21 Apr 2020 00:00:00 GMT"
41,72b2a9,"Thu, 26 Mar 2020 00:00:00 GMT"
46,cf0e6f,"Mon, 17 Feb 2020 00:00:00 GMT"
224,e2ee43,"Mon, 02 Mar 2020 00:00:00 GMT"
53,edc731,"Fri, 20 Mar 2020 00:00:00 GMT"
336,eb9e2a,"Fri, 27 Mar 2020 00:00:00 GMT"
318,f99055,"Fri, 03 Apr 2020 00:00:00 GMT"
247,659633,"Sun, 26 Apr 2020 00:00:00 GMT"
423,638bde,"Tue, 28 Apr 2020 00:00:00 GMT"
442,c22f50,"Sat, 01 Feb 2020 00:00:00 GMT"
139,c0156f,"Fri, 10 Apr 2020 00:00:00 GMT"
479,3dcc14,"Thu, 07 May 2020 00:00:00 GMT"
293,1.28E+70,"Fri, 10 Jan 2020 00:00:00 GMT"
495,bbb0d5,"Sun, 08 Mar 2020 00:00:00 GMT"
154,e30293,"Mon, 23 Mar 2020 00:00:00 GMT"
316,6fd08e,"Thu, 13 Feb 2020 00:00:00 GMT"
256,7501b6,"Sat, 29 Feb 2020 00:00:00 GMT"
422,7fb802,"Fri, 17 Apr 2020 00:00:00 GMT"
264,604874,"Sun, 29 Mar 2020 00:00:00 GMT"
185,28ff2a,"Wed, 11 Mar 2020 00:00:00 GMT"
380,288386,"Thu, 12 Mar 2020 00:00:00 GMT"
215,81e6ff,"Sat, 22 Feb 2020 00:00:00 GMT"
130,6208a6,"Sat, 29 Feb 2020 00:00:00 GMT"
270,0a0d20,"Sun, 22 Mar 2020 00:00:00 GMT"
486,07df0a,"Thu, 16 Apr 2020 00:00:00 GMT"
435,48c3fb,"Wed, 26 Feb 2020 00:00:00 GMT"
384,6ddca4,"Fri, 21 Feb 2020 00:00:00 GMT"
351,1c0d4d,"Tue, 03 Mar 2020 00:00:00 GMT"
386,54b87d,"Thu, 26 Mar 2020 00:00:00 GMT"
433,f701c9,"Sun, 22 Mar 2020 00:00:00 GMT"
180,427eb3,"Sun, 29 Mar 2020 00:00:00 GMT"
437,ed485a,"Thu, 19 Mar 2020 00:00:00 GMT"
197,cd8f17,"Fri, 28 Feb 2020 00:00:00 GMT"
470,19c358,"Thu, 05 Mar 2020 00:00:00 GMT"
482,e3ab4c,"Wed, 22 Jan 2020 00:00:00 GMT"
227,23ffc1,"Fri, 14 Feb 2020 00:00:00 GMT"
500,f1ab70,"Fri, 28 Feb 2020 00:00:00 GMT"
73,9.27E+07,"Tue, 17 Mar 2020 00:00:00 GMT"
103,0cf906,"Wed, 26 Feb 2020 00:00:00 GMT"
239,b0c26c,"Tue, 04 Feb 2020 00:00:00 GMT"
121,33d283,"Fri, 07 Feb 2020 00:00:00 GMT"
420,02a520,"Tue, 17 Mar 2020 00:00:00 GMT"
188,7de6a5,"Fri, 08 May 2020 00:00:00 GMT"
240,de4b1d,"Wed, 11 Mar 2020 00:00:00 GMT"
328,f3cbc4,"Mon, 17 Feb 2020 00:00:00 GMT"
226,eca7a0,"Mon, 09 Mar 2020 00:00:00 GMT"
210,2905d8,"Fri, 24 Apr 2020 00:00:00 GMT"
447,c43313,"Tue, 31 Mar 2020 00:00:00 GMT"
61,d800b0,"Thu, 19 Mar 2020 00:00:00 GMT"
468,e38549,"Sat, 21 Mar 2020 00:00:00 GMT"
204,6f6383,"Wed, 25 Mar 2020 00:00:00 GMT"
456,fc9433,"Tue, 03 Mar 2020 00:00:00 GMT"
397,3759ff,"Mon, 30 Mar 2020 00:00:00 GMT"
427,958364,"Sun, 15 Mar 2020 00:00:00 GMT"
297,1946d7,"Fri, 03 Apr 2020 00:00:00 GMT"
361,081c65,"Mon, 09 Mar 2020 00:00:00 GMT"
402,c4ef3d,"Tue, 25 Feb 2020 00:00:00 GMT"
472,bf52f1,"Sat, 02 May 2020 00:00:00 GMT"
445,ed8bf0,"Tue, 10 Mar 2020 00:00:00 GMT"
93,9.46E+07,"Mon, 17 Feb 2020 00:00:00 GMT"
89,c593da,"Fri, 24 Jan 2020 00:00:00 GMT"
373,8cca90,"Tue, 11 Feb 2020 00:00:00 GMT"
343,e40be6,"Mon, 09 Mar 2020 00:00:00 GMT"
31,0065c3,"Sat, 11 Apr 2020 00:00:00 GMT"
327,18d9ce,"Mon, 02 Mar 2020 00:00:00 GMT"
14,e33921,"Wed, 11 Mar 2020 00:00:00 GMT"
497,969ff2,"Fri, 10 Apr 2020 00:00:00 GMT"
155,73c7ab,"Mon, 17 Feb 2020 00:00:00 GMT"
416,2c14b8,"Wed, 06 May 2020 00:00:00 GMT"
195,c81772,"Tue, 04 Feb 2020 00:00:00 GMT"
199,f7dc81,"Fri, 03 Apr 2020 00:00:00 GMT"
369,1af3ae,"Fri, 10 Apr 2020 00:00:00 GMT"
441,adcc76,"Mon, 20 Apr 2020 00:00:00 GMT"
7,e054d7,"Mon, 13 Apr 2020 00:00:00 GMT"
78,9067d0,"Mon, 09 Mar 2020 00:00:00 GMT"
159,264f86,"Sun, 09 Feb 2020 00:00:00 GMT"
319,54553e,"Sat, 07 Mar 2020 00:00:00 GMT"
106,e66dd5,"Sun, 05 Apr 2020 00:00:00 GMT"
203,d1182f,"Sat, 18 Apr 2020 00:00:00 GMT"
8,a147a0,"Sat, 11 Apr 2020 00:00:00 GMT"
370,d0b642,"Thu, 26 Mar 2020 00:00:00 GMT"
71,05cd91,"Mon, 09 Mar 2020 00:00:00 GMT"
267,a377fa,"Fri, 06 Mar 2020 00:00:00 GMT"
68,c2f826,"Sun, 08 Mar 2020 00:00:00 GMT"
448,d6996b,"Tue, 31 Mar 2020 00:00:00 GMT"
80,1d5e5d,"Sun, 15 Mar 2020 00:00:00 GMT"
396,b7bac0,"Wed, 15 Apr 2020 00:00:00 GMT"
322,ba5cd6,"Sun, 03 May 2020 00:00:00 GMT"
330,2bfab9,"Fri, 21 Feb 2020 00:00:00 GMT"
237,277b97,"Thu, 02 Apr 2020 00:00:00 GMT"
262,6ec319,"Fri, 14 Feb 2020 00:00:00 GMT"
323,539a7c,"Fri, 06 Mar 2020 00:00:00 GMT"
348,33660d,"Tue, 14 Apr 2020 00:00:00 GMT"
337,7a63f8,"Sat, 04 Apr 2020 00:00:00 GMT"
60,b6d776,"Sun, 01 Mar 2020 00:00:00 GMT"
124,d194c5,"Fri, 17 Jan 2020 00:00:00 GMT"
98,62ad27,"Tue, 17 Mar 2020 00:00:00 GMT"
200,cf1a69,"Sat, 15 Feb 2020 00:00:00 GMT"
490,34cc8e,"Thu, 13 Feb 2020 00:00:00 GMT"
82,fe69b4,"Sun, 09 Feb 2020 00:00:00 GMT"
306,2dc589,"Mon, 06 Apr 2020 00:00:00 GMT"
376,6391f4,"Sun, 16 Feb 2020 00:00:00 GMT"
202,8f0f31,"Wed, 01 Apr 2020 00:00:00 GMT"
358,88868f,"Mon, 06 Apr 2020 00:00:00 GMT"
26,68756b,"Thu, 05 Mar 2020 00:00:00 GMT"
198,c37668,"Thu, 30 Jan 2020 00:00:00 GMT"
212,423f8d,"Sun, 12 Jan 2020 00:00:00 GMT"
37,eecf24,"Mon, 23 Mar 2020 00:00:00 GMT"
28,d56286,"Thu, 23 Apr 2020 00:00:00 GMT"
353,72b87a,"Mon, 13 Apr 2020 00:00:00 GMT"
489,411419,"Tue, 17 Mar 2020 00:00:00 GMT"
83,30f0db,"Sun, 08 Mar 2020 00:00:00 GMT"
395,525c96,"Sat, 28 Mar 2020 00:00:00 GMT"
213,1b7706,"Sat, 07 Mar 2020 00:00:00 GMT"
134,e1e012,"Thu, 12 Mar 2020 00:00:00 GMT"
274,0025a4,"Fri, 03 Apr 2020 00:00:00 GMT"
36,93e554,"Thu, 05 Mar 2020 00:00:00 GMT"
430,750a79,"Sat, 21 Mar 2020 00:00:00 GMT"
102,1ef2ec,"Thu, 05 Mar 2020 00:00:00 GMT"
158,81f5e0,"Wed, 04 Mar 2020 00:00:00 GMT"
460,b5fe43,"Wed, 11 Mar 2020 00:00:00 GMT"
111,b60fcf,"Mon, 04 May 2020 00:00:00 GMT"
459,cdb72c,"Sat, 11 Apr 2020 00:00:00 GMT"
207,603b54,"Sun, 01 Mar 2020 00:00:00 GMT"
123,b9937e,"Wed, 15 Apr 2020 00:00:00 GMT"
385,704a55,"Sat, 14 Mar 2020 00:00:00 GMT"
492,5d8f47,"Thu, 26 Mar 2020 00:00:00 GMT"
365,6f4e34,"Mon, 03 Feb 2020 00:00:00 GMT"
313,0ddc8e,"Wed, 15 Apr 2020 00:00:00 GMT"
140,c9bfa9,"Sat, 14 Mar 2020 00:00:00 GMT"
421,c686c1,"Wed, 29 Jan 2020 00:00:00 GMT"
248,42ca74,"Thu, 12 Mar 2020 00:00:00 GMT"
208,56f28f,"Fri, 10 Apr 2020 00:00:00 GMT"
392,863bdd,"Sat, 15 Feb 2020 00:00:00 GMT"
24,f4b5e8,"Mon, 10 Feb 2020 00:00:00 GMT"
191,e83169,"Sat, 21 Mar 2020 00:00:00 GMT"
429,8313df,"Fri, 06 Mar 2020 00:00:00 GMT"
25,46dd2f,"Sun, 29 Mar 2020 00:00:00 GMT"
94,59511b,"Sun, 22 Mar 2020 00:00:00 GMT"
49,d345a8,"Sun, 23 Feb 2020 00:00:00 GMT"
211,a26e03,"Thu, 20 Feb 2020 00:00:00 GMT"
64,87a4ba,"Wed, 18 Mar 2020 00:00:00 GMT"
